[02:59:53] [main/INFO]: Loading Minecraft 26.3 with Fabric Loader 0.19.5
[02:59:53] [ForkJoinPool-1-worker-12/WARN]: Mod async-pack-scan uses the version unspecified which isn't compatible with Loader's extended semantic version format (Could not parse version number component 'unspecified'!), SemVer is recommended for reliably evaluating dependencies and prioritizing newer version
[02:59:53] [ForkJoinPool-1-worker-24/WARN]: Mod coolrain uses the version unspecified which isn't compatible with Loader's extended semantic version format (Could not parse version number component 'unspecified'!), SemVer is recommended for reliably evaluating dependencies and prioritizing newer version
[02:59:53] [ForkJoinPool-1-worker-11/WARN]: Mod durability_warner uses the version ${version} which isn't compatible with Loader's extended semantic version format (Could not parse version number component '${version}'!), SemVer is recommended for reliably evaluating dependencies and prioritizing newer version
[02:59:53] [ForkJoinPool-1-worker-27/WARN]: Mod elytra_physics uses the version 2.6.3_mc26.3 which isn't compatible with Loader's extended semantic version format (Could not parse version number component '3_mc26'!), SemVer is recommended for reliably evaluating dependencies and prioritizing newer version
[02:59:53] [ForkJoinPool-1-worker-2/WARN]: Mod resclone uses the version unspecified which isn't compatible with Loader's extended semantic version format (Could not parse version number component 'unspecified'!), SemVer is recommended for reliably evaluating dependencies and prioritizing newer version
[02:59:53] [ForkJoinPool-1-worker-18/WARN]: Mod com_github_tater-certified_mixinconstraints uses the version 217bb39900 which isn't compatible with Loader's extended semantic version format (Could not parse version number component '217bb39900'!), SemVer is recommended for reliably evaluating dependencies and prioritizing newer version
[02:59:53] [ForkJoinPool-1-worker-23/WARN]: Mod punchy uses the version 2.8e which isn't compatible with Loader's extended semantic version format (Could not parse version number component '8e'!), SemVer is recommended for reliably evaluating dependencies and prioritizing newer version
[02:59:53] [main/WARN]: Warnings were found!
 - Mod 'Armor Indicator' (armor-indicator) 12.0.0+26.3 recommends version 12.0.0+26.3 or later of shadowhunter22s-config-library, which is missing!
	 - You should install version 12.0.0+26.3 or later of shadowhunter22s-config-library for the optimal experience.
 - Mod 'ClickThrough Plus' (clickthrough) 3.6.5+26.3-pre-3 recommends any version of mcqoy, which is missing!
	 - You should install any version of mcqoy for the optimal experience.
 - Mod 'Sodium Extra Information' (sodiumextrainformation) 2.9.1 recommends version 1.4.2 or later of reeses-sodium-options, which is missing!
	 - You should install version 1.4.2 or later of reeses-sodium-options for the optimal experience.
[02:59:53] [main/INFO]: Loading 396 mods:
	- advancementplaques 1.7.3
	- afkcinematics 1.0.6+26.3
	- aitk 1.2.2
	- animated-mojang-logo 2.3
	- animatica 0.6.2+26.3
	- anvianslib 1.5.0
	- appleskin 3.0.10+mc26.3
	- ar1-animated-typing 1.0.1
	   \-- cloth-basic-math 0.6.1
	- architectury 22.0.4
	- armor-indicator 12.0.0+26.3
	- async-pack-scan unspecified
	   \-- fabric-resource-loader-v1 3.0.4+fcdff87f02
	- asynclogger 2.2.2+26.1.2-fabric
	- asyncparticles 26.3.2.0
	   \-- mixinsquared 0.3.7-beta.3
	- authme 9.3.0+26.3
	   |-- commons-logging_commons-logging 1.3.6
	   |-- org_apache_httpcomponents_httpclient 4.5.14
	   |-- org_apache_httpcomponents_httpcore 4.4.16
	   \-- resourcefulconfig 6.0.0
	- autofish 2.0.0-fabric-mc26.3
	- badoptimizations 2.4.1
	- baguettelib 2.0.7
	- balm 26.3.0.3
	   \-- kuma_api 26.3.0.1
	- bathymetry 1.0.4+26.3+fabric
	- bedrock_hotbar 1.11.3-fabric+26.3
	- bedrockskins 2.1.1
	- better_climbing 6
	- betteradvancements 0.6.0.78
	- betterbiomeblend 1.4.0
	- bettercombat 3.2.2
	   \-- tiny_config 4.0.1
	- bettercommandblockui 0.5.4
	- betterrenderdistance 1.2.2
	- betterresolution 1.1.0
	- boatiview 0.0.10
	- breakfree 1.5.1
	- cameraoverhaul 2.1.2-fabric+mc.26.3-plus
	- cbbg 1.4.2+mc26.3-fabric
	- chat_heads 1.3.2
	- chatanimation 1.3.4
	   \-- emlib 1.0.3
	- chesttracker 2.8.4+26.3
	   \-- whereisit 2.7.5.2+26.3
	        \-- jackfredlib 0.10.6+26.3
	             |-- jackfredlib-base 1.4.1+26.3
	             |    \-- org_apache_httpcomponents_httpcore 4.4.16
	             |-- jackfredlib-colour 1.1.1+26.3
	             |    \-- org_apache_httpcomponents_httpcore 4.4.16
	             |-- jackfredlib-extracommandsourcedata 1.1.1+26.3
	             |    \-- org_apache_httpcomponents_httpcore 4.4.16
	             |-- jackfredlib-gps 1.0.7+26.3
	             |    \-- org_apache_httpcomponents_httpcore 4.4.16
	             |-- jackfredlib-lying 0.5.9+26.3
	             |    \-- org_apache_httpcomponents_httpcore 4.4.16
	             |-- jackfredlib-toasts 1.1.1+26.3
	             |    \-- org_apache_httpcomponents_httpcore 4.4.16
	             \-- org_apache_httpcomponents_httpcore 4.4.16
	- chiseledbookshelfvisualizer 5.2.0
	   \-- com_github_fracpete_romannumerals4j 0.0.1
	- chunksfadein 3.0.29-26.3
	   |-- com_moandjiezana_toml_toml4j 0.7.2
	   \-- fabric-key-binding-api-v1 1.1.8+9c919dacc9
	- cicada 0.15.2+26.3
	   \-- org_yaml_snakeyaml 2.2
	- cinematiczoom 1.3
	- classic_minecraft_icon 1.1.10
	- clickthrough 3.6.5+26.3-pre-3
	   \-- folk_sisby_kaleido-config 0.3.3+1.3.2
	- clientmovement 1.1
	- clientsidenoteblocks 2.14
	- clienttweaks 26.3.0.1
	   \-- shogi_api 26.3.0.1
	- cloth-config 26.3.159
	   \-- cloth-basic-math 0.6.1
	- collective 8.42
	- compacting 1.1.1
	   \-- dev_celestialfault_histoire 1.3.0
	- configureddefaults 26.3.0
	- continuity 3.0.1+26.3
	- controlling 26.3.3
	- coolrain unspecified
	   \-- midnightlib 1.9.3
	- craft_config 1.1.13
	   \-- com_moulberry_mixinconstraints 1.1.0
	- crash_assistant 1.11.14
	- craterlib 3.1.3
	- creativecore 2.14.19
	   \-- net_neoforged_bus 7.2.0
	- culldisplayentities 1.3.0
	- cutthrough 26.3.0
	- cycletitlescreensplash 1.4
	- dark-loading-screen 1.6.20
	- darkbar 1.2.0
	- debugify 26.3.0.0
	- deleteworldstotrash 26.3.0
	- dense-flowers 0.3.1+mc26.2
	- detailabreconst 5.3.2-26.3-fabric
	- dinged 1.0.0-26.3
	- do_a_barrel_roll 3.8.5
	   \-- fabric-permissions-api-v0 0.7.0
	- dualbar 1.2
	- durability_warner ${version}
	- durabilitytooltip 1.2.0+a
	- dynamic-fullbright 1.3.1+26.3
	   \-- lilylib 4.1.0+26.2
	- dynamiccrosshair 9.15
	   |-- dynamiccrosshair-api 1.3.2
	   \-- libbamboo 2.52
	- easegui 1.0.0+26.3
	- eclipseui 1.0.5+mc26.3-fabric
	- effectinsights 26.3.1
	   \-- tooltipinsights 26.3.2
	- eg_entity_outlines 1.1.0+26.3
	- eg_particle_interactions 0.10.4+26.3-fabric
	- elytra_physics 2.6.3_mc26.3
	- elytratrails 1.6.7-26.3
	- enchanted_fishing_line 1.0.1
	- enchanteds_sodium_options 1.3.2+0.9.2-mc26.3-fabric
	- enhancedbiomemusic 2.2.1
	- entity_model_features 3.3.11
	- entity_sound_features 0.8.2
	- entity_texture_features 7.2.5
	- entityculling 1.11.3
	   |-- transition 1.0.26
	   \-- trender 1.0.17
	- eslium 4.6.0
	- euphoria_patcher 1.10.5-r5.9.3-fabric
	- exploitation_timer 1.2.0
	- fabric-api 0.162.0+26.3
	   |-- fabric-advancement-api-v1 1.0.0+38c7a2d55d
	   |-- fabric-api-base 2.0.6+fcdff87f5d
	   |-- fabric-api-lookup-api-v1 2.0.24+3434d6d95d
	   |-- fabric-biome-api-v1 20.1.0+c6aa69a85d
	   |-- fabric-block-api-v1 3.1.0+0ae6f9115d
	   |-- fabric-block-getter-api-v2 2.0.9+3434d6d95d
	   |-- fabric-command-api-v2 3.1.2+fcdff87f5d
	   |-- fabric-content-registries-v0 15.0.4+74ed1ea55d
	   |-- fabric-convention-tags-v2 4.10.3+6b5b47fd5d
	   |-- fabric-crash-report-info-v1 1.0.7+fcdff87f5d
	   |-- fabric-creative-tab-api-v1 5.0.21+fcdff87f5d
	   |-- fabric-data-attachment-api-v1 2.2.31+b9b88df45d
	   |-- fabric-data-generation-api-v1 27.3.0+5be2453c5d
	   |-- fabric-debug-api-v1 1.0.4+3434d6d95d
	   |-- fabric-dimensions-v1 5.1.19+47f74c985d
	   |-- fabric-entity-events-v1 6.0.4+3434d6d95d
	   |-- fabric-events-interaction-v0 5.3.7+b9b88df45d
	   |-- fabric-game-rule-api-v1 4.0.10+3434d6d95d
	   |-- fabric-item-api-v1 14.7.0+cf6bc2db5d
	   |-- fabric-key-mapping-api-v1 2.0.8+3434d6d95d
	   |-- fabric-lifecycle-events-v1 4.1.9+ffef5f675d
	   |-- fabric-loot-api-v3 4.0.8+4068fd645d
	   |-- fabric-menu-api-v1 2.0.28+ed66f0a35d
	   |-- fabric-message-api-v1 7.0.10+3434d6d95d
	   |-- fabric-model-loading-api-v1 8.0.35+fcdff87f5d
	   |-- fabric-networking-api-v1 6.3.9+b9b88df45d
	   |-- fabric-object-builder-api-v1 24.1.10+3434d6d95d
	   |-- fabric-particles-v1 5.0.25+3434d6d95d
	   |-- fabric-permission-api-v1 1.0.8+fcdff87f5d
	   |-- fabric-recipe-api-v1 10.0.9+b9b88df45d
	   |-- fabric-registry-sync-v0 8.0.2+1ca9f6365d
	   |-- fabric-renderer-api-v1 17.0.15+79385d0b5d
	   |-- fabric-renderer-indigo 9.1.23+b9d63e335d
	   |-- fabric-rendering-fluids-v1 6.0.6+3434d6d95d
	   |-- fabric-rendering-v1 27.0.14+901a437c5d
	   |-- fabric-resource-conditions-api-v1 6.2.0+0d124ae85d
	   |-- fabric-resource-loader-v0 3.3.26+4fc5413f5d
	   |-- fabric-screen-api-v1 5.2.4+48607d035d
	   |-- fabric-serialization-api-v1 2.0.7+74ed1ea55d
	   |-- fabric-sound-api-v1 2.0.7+3434d6d95d
	   |-- fabric-tag-api-v1 2.1.10+fcdff87f5d
	   |-- fabric-transfer-api-v1 8.0.25+fcdff87f5d
	   \-- fabric-transitive-access-wideners-v1 8.1.16+52268a0e5d
	- fabric-language-kotlin 1.14.1+kotlin.2.4.20
	   |-- org_jetbrains_kotlin_kotlin-reflect 2.4.20
	   |-- org_jetbrains_kotlin_kotlin-stdlib 2.4.20
	   |-- org_jetbrains_kotlin_kotlin-stdlib-jdk7 2.4.20
	   |-- org_jetbrains_kotlin_kotlin-stdlib-jdk8 2.4.20
	   |-- org_jetbrains_kotlinx_atomicfu-jvm 0.33.0
	   |-- org_jetbrains_kotlinx_kotlinx-coroutines-core-jvm 1.11.0
	   |-- org_jetbrains_kotlinx_kotlinx-coroutines-jdk8 1.11.0
	   |-- org_jetbrains_kotlinx_kotlinx-datetime-jvm 0.8.0
	   |-- org_jetbrains_kotlinx_kotlinx-io-bytestring-jvm 0.9.1
	   |-- org_jetbrains_kotlinx_kotlinx-io-core-jvm 0.9.1
	   |-- org_jetbrains_kotlinx_kotlinx-serialization-cbor-jvm 1.11.0
	   |-- org_jetbrains_kotlinx_kotlinx-serialization-core-jvm 1.11.0
	   \-- org_jetbrains_kotlinx_kotlinx-serialization-json-jvm 1.11.0
	- fabricloader 0.19.5
	   \-- mixinextras 0.5.5
	- fastipping 1.0.12
	- fastmapcodec 1.0.4
	- fastquit 3.1.5+mc26.2
	- ferritecore 9.0.0
	- fishing_ruler 1.0.6-mc26.1
	- fog 1.12.0+26.3
	- forgeconfigapiport 26.3.1
	   |-- com_electronwill_night-config_core 3.8.4
	   \-- com_electronwill_night-config_toml 3.8.4
	- forgix_multiversion_ecf8935676654e8c8f93e1b7993de0c6 2.0.0
	   |-- geo_mod 1.0.3
	   \-- geo_mod_impl 1.0.3-mc.26.3
	- fps-sync 1.0.0+26.3
	- frozenlib 3.0.2
	- fullscreenfix 2.5.1
	   \-- b100lib 0.2.3
	- fwa 1.2.40
	- ghastcontrols 1.0.6
	- glowing-trims 1.0.0+26.3
	- gnetum 4.6.3+26.3-fabric
	- greedy_meshing 0.6.1
	- hideexperimentalwarning 1.3
	- hot_reload_resource_packs 1.2.0
	- hotbarlagfixer 1.1.1
	- iceberg 1.4.3.1
	- idontwannascrollagain 1.0.0+26.3
	- immediatelyfast 1.17.1+26.3
	- immersive-hotbar 1.2.2-26.3
	- imprint 1.4
	- inventory_interactions 2.2.0+26.3+fabric
	- inventory_item_groups 1.5.3-fabric+26.3
	- inventory_particles 3.2.0+26.3+fabric
	- inventoryprofilesnext 2.3.8
	- invmove 0.9.6
	- iris 1.11.7+mc26.3
	   |-- io_github_douira_glsl-transformer 3.0.0-pre3
	   |-- org_anarres_jcpp 1.4.14
	   \-- org_antlr_antlr4-runtime 4.13.1
	- iris_search 1.8.2-fabric
	- itemphysiclite 1.6.13
	- ixeris 4.6.8+26.3-fabric
	- jade 26.3.5+fabric
	- jasione 1.0.9+26.1.2-fabric
	- java 25
	- jeb 1.1.1-26.3
	- keepsneak 1.1.0
	- konkrete 1.11.1
	- krypton 0.3.2
	   \-- com_velocitypowered_velocity-native 3.4.0-SNAPSHOT
	- lambdynlights 4.13.0+26.3
	   |-- lambdynlights_api 4.13.0+26.3
	   |    |-- yumi_commons_collections 2.0.0
	   |    |-- yumi_commons_core 2.0.0
	   |    \-- yumi_commons_event 2.0.0
	   |-- pride 1.8.0+26.3
	   |-- spruceui 12.0.0+26.3
	   \-- yumi_mc_core 1.1.3+26.2
	        |-- yumi_commons_collections 2.0.0
	        |-- yumi_commons_core 2.0.0
	        \-- yumi_commons_event 2.0.0
	- leadphysics 1.0.0
	- leavemybarsalone 26.3.0
	- libipn 6.9.0
	- libjf 26.3.1
	   |-- libjf-base 26.3.1
	   |-- libjf-config-commands 26.3.1
	   |-- libjf-config-core-v2 26.3.1
	   |-- libjf-config-network-v0 26.3.1
	   |-- libjf-config-ui-tiny 26.3.1
	   |    \-- fabric-resource-loader-v1 3.0.4+fcdff87f02
	   |-- libjf-data-manipulation-v0 26.3.1
	   |-- libjf-data-v0 26.3.1
	   |    \-- fabric-resource-loader-v1 3.0.4+fcdff87f02
	   |-- libjf-mainhttp-v0 26.3.1
	   |-- libjf-resource-pack-entry-widgets-v0 26.3.1
	   |-- libjf-translate-v1 26.3.1
	   |-- libjf-unsafe-v0 26.3.1
	   \-- libjf-web-v1 26.3.1
	- lithium 0.26.2+mc26.3
	- logcleaner 2.0.0
	- make_bubbles_pop 0.3.4-fabric
	- mc2_interactivefoliage 2.1.1
	- melody 1.0.17
	- minecraft 26.3
	- modernfix 5.27.20-build.2
	- modmenu 21.0.0
	- monsters_in_the_closet_reborn 1.0.3
	- morechathistory 2.0.0
	- moreculling 1.9.0
	- mossylib 1.6.0+26.3+fabric
	- motionblurplus 1.0.9
	- mountopacity 1.2.4
	- mousetweaks 2.31
	- mru 1.0.43+26.3
	- multi-key-bindings 1.3.5+26.3
	- my_totem_doll 2.7.0+26.3+fabric
	- neobeefix 5.0.0
	- nice_boat 1.1.5
	- no-resource-pack-warnings 1.5.0
	- no-telemetry 1.10.0
	- nondirectionaldamagetiltfix 3.0.0
	- notenoughanimations 1.12.6
	   \-- trender 1.0.17
	- nvidium 0.4.4-beta7-26.3
	- opentogether 26.3.0
	- optigui 2.3.0-beta.10+26.3
	   |-- org_apache_commons_commons-text 1.12.0
	   \-- org_ini4j_ini4j 0.5.4
	- optimalaim 2.0.0
	- optis 1.0.0
	- orthocamera 0.1.11+26.3
	- oxidizium_panama 1.3.2
	   |-- com_github_tater-certified_mixinconstraints 217bb39900
	   |-- com_github_zafarkhaja_java-semver 0.10.2
	   |-- org_joml_joml 1.10.8
	   \-- oxidizium_base 1.3.2
	        |-- com_github_tater-certified_mixinconstraints 217bb39900
	        |-- com_github_zafarkhaja_java-semver 0.10.2
	        |-- org_joml_joml 1.10.8
	        \-- org_slf4j_slf4j-api 2.0.17
	- particletweaks 3.1
	- pas 0.10.1-FBR-26.3
	- pearloptimizer_bundle 26.1-26.3
	   \-- pearloptimizer 1.0.0-26.3
	- pickupnotifier 26.3.0
	- pingview 1.7
	- placeholder-api 3.2.0+26.3
	- planeadvancements 1.6-mc26.3
	- player_animation_library 1.2.8+mc.26.3
	   |-- org_redlance_common-utils_services 1.3.10
	   |-- org_redlance_mochafloats_lexer 6.1.0
	   |-- org_redlance_mochafloats_parser 6.1.0
	   \-- org_redlance_mochafloats_runtime 6.1.0
	- presencefootsteps 1.14.0+26.3
	   \-- kirin 1.22.2+26.3
	- ptp 1.0.35
	- punchy 2.8e
	- puzzle 2.3.1
	   \-- midnightlib 1.9.3
	- puzzleslib 26.3.13
	- quick-pack 1.5.1
	- real-arrow-tip 0.3.1+mc26.3
	- resclone unspecified
	- resourcepackchecker 1.2.2+26.3
	   \-- fabric-resource-loader-v1 3.0.4+fcdff87f02
	- resourcepackoverrides 26.3.0
	- resourcetrimmer 26.3.0.1
	- resourcify 1.8.7
	- respackopts 26.3.0
	   |-- dev_jfronny_muscript_muscript-all 2.1.1
	   \-- dev_jfronny_muscript_muscript-json 2.1.1
	- rowglide 1.0.1
	- scalablelux 0.3.0-alpha.0.6+26.3
	- searchables 1.0.2
	- shouldersurfing 5.2.0
	- shulkerboxtooltip 5.4.2+26.3
	- silicon_bundle 1.0.2+1.21.x-26.3
	   \-- silicon 1.0.2+1.21.x-26.3
	- simplerpc 4.1.3+release.0
	- slotcycler 26.3.0
	   \-- hotbarslotcycling 26.3.0
	- smartblockplacement 2.0
	- smooth_hover 1.5
	- smoothskies 2.12.2
	- smoothswapping 0.9.11
	- smoothtexturefix 1.0.0+26.3
	- sodium 0.9.2+mc26.3
	   \-- fabric-resource-loader-v1 3.0.4+fcdff87f02
	- sodium-extra 0.9.4+mc26.3
	   \-- me_flashyreese_mods_greenlight-api 0.1.0+mc26.3
	- sodiumextrainformation 2.9.1
	- sound_physics_remastered 1.5.1+26.3
	- soundculling 2.0.1
	- spatial-gui 1.7.1
	- spatialhud 1.0.0
	- sspb 8.0.0
	- status-effect-bars 1.0.12
	- stew-detective 1.2.0
	- stfu 2.9.1
	- stupid-block-animations 0.1.3+26.3-fabric
	   \-- conditional-mixin 0.6.4
	- sulfurcubefaces 1.0.0+26.3
	- supermartijn642configlib 1.1.8+a
	- sway 2.4.5
	- technomodel 1.0.11
	- telepistons 1.1.4
	- ticksync 1.4.0
	- tightfire 1.0-SNAPSHOT
	- timelesslib 2.0.1-fabric-26.3
	- tlib 1.5.0-26.3
	- tooltipscroll 1.5.2+26.3
	   \-- lilylib 4.1.0+26.2
	- universalsettings 0.1.1
	- vectorientation 1.1
	- viafabricplus 5.1.1
	   |-- com_seedfinding_mc_biome 1.171.1
	   |-- com_seedfinding_mc_core 1.210.0
	   |-- com_seedfinding_mc_math 1.171.0
	   |-- com_seedfinding_mc_noise 1.171.1
	   |-- com_seedfinding_mc_seed 1.171.2
	   |-- com_viaversion_viaaprilfools-common 4.2.3
	   |-- com_viaversion_viabackwards-common 5.12.1-20260925.130410-7
	   |-- com_viaversion_viaversion-common 5.12.1-20260927.122410-10
	   |-- de_florianreuth_classic4j 2.3.1
	   |-- net_lenni0451_commons_unchecked 1.9.2
	   |-- net_lenni0451_reflect 1.6.4
	   |-- net_raphimc_vialegacy 3.1.0
	   \-- viafabricplus-api 5.1.1
	- visibletraders 2.5.1
	- visuality 0.7.15+26.3
	- voidfog 2.13.3+26.3
	   \-- kirin 1.22.2+26.3
	- wcifs 1.3.1+26.2-fabric
	- windy 1.1.1+26.1
	- xaerominimap 26.6.0
	   \-- xaerolib 1.7.17
	- xaeroworldmap 1.47.0
	   \-- xaerolib 1.7.17
	- yet_another_config_lib_v3 3.9.7+26.3-fabric
	   |-- com_twelvemonkeys_common_common-image 3.12.0
	   |-- com_twelvemonkeys_common_common-io 3.12.0
	   |-- com_twelvemonkeys_common_common-lang 3.12.0
	   |-- com_twelvemonkeys_imageio_imageio-core 3.12.0
	   |-- com_twelvemonkeys_imageio_imageio-metadata 3.12.0
	   |-- com_twelvemonkeys_imageio_imageio-webp 3.12.0
	   |-- org_quiltmc_parsers_gson 0.2.1
	   \-- org_quiltmc_parsers_json 0.2.1
	- yosbr 0.1.2
[02:59:53] [main/INFO]: Successfully configured async logger context with [wrapSysOutSysErr=false, filtering.enabled=false, filtering.global=false]
[02:59:53] [main/INFO]: Applying default files...
[02:59:53] [cbbg-stbn/INFO]: Valid STBN cache found for 128x128x64. Skipping math generation.
[02:59:53] [main/INFO]: Launching CrashAssistantApp (CrashAssistant-fabric-26.2-26.3-1.11.14.jar)
[02:59:54] [main/INFO]: Starting unsafe init
[02:59:54] [main/INFO]: LibJF unsafe init completed
[02:59:54] [main/INFO]: Applying default options... (YOSBR)
[02:59:54] [CrashAssistantApp process logger/INFO]: CrashAssistantApp process successfully started.
[02:59:54] [main/INFO]: SpongePowered MIXIN Subsystem Version=0.8.7 Source=file:/C:/Users/kamau/AppData/Roaming/ModrinthApp/meta/libraries/net/fabricmc/sponge-mixin/0.17.4+mixin.0.8.7/sponge-mixin-0.17.4+mixin.0.8.7.jar Service=Knot/Fabric Env=CLIENT
[02:59:54] [main/INFO]: Config version: 6
[02:59:54] [main/INFO]: BadOptimizations config dump:
[02:59:54] [main/INFO]: enable_toast_optimizations: true
[02:59:54] [main/INFO]: ignore_mod_incompatibilities: false
[02:59:54] [main/INFO]: lightmap_time_change_needed_for_update: 80
[02:59:54] [main/INFO]: enable_lightmap_caching: true
[02:59:54] [main/INFO]: enable_particle_manager_optimization: true
[02:59:54] [main/INFO]: enable_entity_renderer_caching: true
[02:59:54] [main/INFO]: log_config: true
[02:59:54] [main/INFO]: enable_remove_redundant_fov_calculations: true
[02:59:54] [main/INFO]: config_version: 6
[02:59:54] [main/INFO]: enable_sky_angle_caching_in_worldrenderer: true
[02:59:54] [main/INFO]: enable_block_entity_renderer_caching: true
[02:59:54] [main/INFO]: skycolor_time_change_needed_for_update: 3
[02:59:54] [main/INFO]: enable_entity_flag_caching: true
[02:59:54] [main/INFO]: ignore_mod_cache_hooks: false
[02:59:54] [main/INFO]: enable_debug_renderer_disable_if_not_needed: true
[02:59:54] [main/INFO]: enable_sky_color_caching: true
[02:59:54] [main/INFO]: enable_remove_tutorial_if_not_demo: true
[02:59:54] [main/INFO]: show_f3_text: true
[02:59:54] [main/WARN]: Reference map 'baguettelib.refmap.json' for baguettelib.mixins.json could not be read. If this is a development environment you can ignore this message
[02:59:54] [main/WARN]: Reference map 'baguettelib.refmap.json' for baguettelib.fabric.mixins.json could not be read. If this is a development environment you can ignore this message
[02:59:54] [main/WARN]: Reference map 'bathymetry.refmap.json' for bathymetry.mixins.json could not be read. If this is a development environment you can ignore this message
[02:59:54] [main/WARN]: Reference map 'bathymetry.refmap.json' for bathymetry-sodium.mixins.json could not be read. If this is a development environment you can ignore this message
[02:59:54] [main/WARN]: Reference map 'betterbiomeblend.refmap.json' for betterbiomeblend.mixins.json could not be read. If this is a development environment you can ignore this message
[02:59:54] [main/WARN]: Reference map 'betterbiomeblend.refmap.json' for betterbiomeblend-sodium.mixins.json could not be read. If this is a development environment you can ignore this message
[02:59:54] [main/WARN]: Reference map 'chatanimation.refmap.json' for chatanimation.mixins.json could not be read. If this is a development environment you can ignore this message
[02:59:54] [main/WARN]: Reference map 'chunksfadein.refmap.json' for chunksfadein_mc.mixins.json could not be read. If this is a development environment you can ignore this message
[02:59:54] [main/WARN]: Reference map 'chunksfadein.refmap.json' for chunksfadein_sodium.mixins.json could not be read. If this is a development environment you can ignore this message
[02:59:54] [main/WARN]: Reference map 'chunksfadein.refmap.json' for chunksfadein_iris.mixins.json could not be read. If this is a development environment you can ignore this message
[02:59:54] [main/WARN]: Reference map 'chunksfadein.refmap.json' for chunksfadein_dh.mixins.json could not be read. If this is a development environment you can ignore this message
[02:59:54] [main/WARN]: Reference map 'controlling.refmap.json' for controlling.mixins.json could not be read. If this is a development environment you can ignore this message
[02:59:54] [main/WARN]: Reference map '' for craterlib.fabric.mixins.json could not be read. If this is a development environment you can ignore this message
[02:59:54] [main/WARN]: Reference map 'creativecore.mixins.refmap.json' for creativecore.mixins.json could not be read. If this is a development environment you can ignore this message
[02:59:54] [main/WARN]: Reference map 'creativecore.mixins.refmap.json' for creativecore.fabric.mixins.json could not be read. If this is a development environment you can ignore this message
[02:59:54] [main/WARN]: Reference map 'do_a_barrel_roll.refmap.json' for do_a_barrel_roll.mixins.json could not be read. If this is a development environment you can ignore this message
[02:59:54] [main/WARN]: Reference map 'do_a_barrel_roll.refmap.json' for do_a_barrel_roll.compat.modmenu.mixins.json could not be read. If this is a development environment you can ignore this message
[02:59:54] [main/WARN]: Reference map 'durabilitytooltip.mixins.refmap.json' for durabilitytooltip.mixins.json could not be read. If this is a development environment you can ignore this message
[02:59:55] [main/WARN]: Reference map 'emlib.refmap.json' for emlib.mixins.json could not be read. If this is a development environment you can ignore this message
[02:59:55] [main/WARN]: Reference map 'entityculling.refmap.mixins.json' for entityculling.mixins.json could not be read. If this is a development environment you can ignore this message
[02:59:55] [main/WARN]: Reference map 'exploitation_timer.refmap.json' for exploitation_timer.mixins.json could not be read. If this is a development environment you can ignore this message
[02:59:55] [main/WARN]: Reference map 'exploitation_timer.refmap.json' for exploitation_timer.fabric.mixins.json could not be read. If this is a development environment you can ignore this message
[02:59:58] [main/WARN]: Reference map 'inventory_interactions.refmap.json' for inventory_interactions.mixins.json could not be read. If this is a development environment you can ignore this message
[02:59:58] [main/WARN]: Reference map 'inventory_particles.refmap.json' for inventory_particles.mixins.json could not be read. If this is a development environment you can ignore this message
[02:59:58] [main/WARN]: Reference map 'iris.refmap.json' for mixins.iris.json could not be read. If this is a development environment you can ignore this message
[02:59:58] [main/WARN]: Reference map 'iris-fabric.refmap.json' for mixins.iris.fabric.json could not be read. If this is a development environment you can ignore this message
[02:59:58] [main/WARN]: Reference map 'iris.refmap.json' for mixins.iris.vertexformat.json could not be read. If this is a development environment you can ignore this message
[02:59:58] [main/WARN]: Reference map 'iris.refmap.json' for mixins.iris.bettermipmaps.json could not be read. If this is a development environment you can ignore this message
[02:59:58] [main/WARN]: Reference map 'iris.refmap.json' for mixins.iris.compat.sodium.json could not be read. If this is a development environment you can ignore this message
[02:59:58] [main/WARN]: Reference map 'iris.refmap.json' for mixins.iris.fixes.maxfpscrash.json could not be read. If this is a development environment you can ignore this message
[02:59:58] [main/WARN]: Reference map 'itemphysiclite.mixin.refmap.json' for itemphysiclite.mixins.json could not be read. If this is a development environment you can ignore this message
[02:59:58] [main/WARN]: Reference map 'ixeris.mixins.refmap.json' for ixeris.mixins.json could not be read. If this is a development environment you can ignore this message
[02:59:58] [main/INFO]: Discovered LibJF asm plugin in jasione
[02:59:58] [main/INFO]: Discovered LibJF asm plugin in libjf-data-manipulation-v0
[02:59:59] [main/INFO]: Loaded configuration file for Lithium: 170 options available, 2 override(s) found.
[02:59:59] [main/INFO]: Loaded configuration file for ModernFix 5.27.20-build.2: 67 options available, 0 override(s) found
[02:59:59] [main/INFO]: Applying Nashorn fix
[02:59:59] [main/INFO]: Configuring Minecraft's max.bg.threads option with 29 threads
[02:59:59] [main/WARN]: Reference map 'modernfix.refmap.json' for modernfix-fabric.mixins.json could not be read. If this is a development environment you can ignore this message
[02:59:59] [main/WARN]: Reference map 'modernfix.refmap.json' for modernfix-common.mixins.json could not be read. If this is a development environment you can ignore this message
[02:59:59] [main/WARN]: Reference map 'mossylib.refmap.json' for mossylib.mixins.json could not be read. If this is a development environment you can ignore this message
[02:59:59] [main/WARN]: Reference map 'mossylib.refmap.json' for mossylib-yacl.mixins.json could not be read. If this is a development environment you can ignore this message
[02:59:59] [main/WARN]: Reference map 'my_totem_doll.refmap.json' for my_totem_doll.mixins.json could not be read. If this is a development environment you can ignore this message
[02:59:59] [main/WARN]: Reference map 'my_totem_doll.refmap.json' for my_totem_doll-modmenu.mixins.json could not be read. If this is a development environment you can ignore this message
[02:59:59] [main/WARN]: Reference map 'my_totem_doll.refmap.json' for my_totem_doll-sodium.mixins.json could not be read. If this is a development environment you can ignore this message
[02:59:59] [main/WARN]: Reference map 'my_totem_doll.refmap.json' for my_totem_doll-yacl.mixins.json could not be read. If this is a development environment you can ignore this message
[02:59:59] [main/WARN]: Reference map '' for pas.armorposer.mixins.json could not be read. If this is a development environment you can ignore this message
[02:59:59] [main/WARN]: Reference map '' for planeadvancements.mixins.json could not be read. If this is a development environment you can ignore this message
[02:59:59] [main/WARN]: Reference map 'quick_pack.refmap.json' for quick-pack.mixins.json could not be read. If this is a development environment you can ignore this message
[02:59:59] [main/WARN]: Reference map 'searchables.refmap.json' for searchables.mixins.json could not be read. If this is a development environment you can ignore this message
[02:59:59] [main/WARN]: Reference map 'searchables.refmap.json' for searchables.fabric.mixins.json could not be read. If this is a development environment you can ignore this message
[02:59:59] [main/WARN]: Reference map 'shouldersurfing.refmap.json' for shouldersurfing.common.mixins.json could not be read. If this is a development environment you can ignore this message
[02:59:59] [main/WARN]: Reference map 'shouldersurfing.refmap.json' for shouldersurfing.common.compat.mixins.json could not be read. If this is a development environment you can ignore this message
[02:59:59] [main/WARN]: Reference map 'shouldersurfing.refmap.json' for shouldersurfing.fabric.mixins.json could not be read. If this is a development environment you can ignore this message
[02:59:59] [main/WARN]: Reference map 'shouldersurfing.refmap.json' for shouldersurfing.fabric.compat.mixins.json could not be read. If this is a development environment you can ignore this message
[02:59:59] [main/INFO]: Loaded configuration file for Sodium: 37 options available, 1 override(s) found
[02:59:59] [main/INFO]: Loaded configuration file for Sodium Extra: 26 options available, 0 override(s) found
[02:59:59] [main/WARN]: Reference map 'sodiumextrainformation.refmap.json' for sodiumextrainformation.mixins.json could not be read. If this is a development environment you can ignore this message
[02:59:59] [main/WARN]: Reference map 'supermartijn642configlib.mixins.refmap.json' for supermartijn642configlib.mixins.json could not be read. If this is a development environment you can ignore this message
[03:00:00] [main/WARN]: Reference map 'xaerolib.refmap.json' for xaerolib.mixins.json could not be read. If this is a development environment you can ignore this message
[03:00:00] [main/WARN]: Reference map 'xaeroworldmap.refmap.json' for xaeroworldmap.mixins.json could not be read. If this is a development environment you can ignore this message
[03:00:00] [main/WARN]: Reference map 'yet_another_config_lib_v3.refmap.json' for yacl.mixins.json could not be read. If this is a development environment you can ignore this message
[03:00:00] [main/WARN]: Reference map 'yet_another_config_lib_v3.refmap.json' for yacl-fabric.mixins.json could not be read. If this is a development environment you can ignore this message
[03:00:00] [main/WARN]: Error loading class: mezz/jei/fabric/platform/RenderHelper (java.lang.ClassNotFoundException: mezz/jei/fabric/platform/RenderHelper)
[03:00:00] [main/WARN]: @Mixin target mezz.jei.fabric.platform.RenderHelper was not found appleskin.jei.mixins.json:JEIRenderHelperMixin from mod appleskin
[03:00:01] [main/WARN]: Error loading class: de/maxhenkel/voicechat/gui/GameProfileUtils (java.lang.ClassNotFoundException: de/maxhenkel/voicechat/gui/GameProfileUtils)
[03:00:02] [main/WARN]: Force disabled MC-237493 because it's conflicting with: no-telemetry
[03:00:02] [main/WARN]: Force disabled MC-298225 because it's conflicting with: smoothskies
[03:00:02] [main/WARN]: Error loading class: dev/emi/emi/screen/EmiScreenManager (java.lang.ClassNotFoundException: dev/emi/emi/screen/EmiScreenManager)
[03:00:02] [main/WARN]: Error loading class: com/corosus/watut/client/screen/RenderHelper (java.lang.ClassNotFoundException: com/corosus/watut/client/screen/RenderHelper)
[03:00:02] [main/INFO]: ClientAvatarStatePreventSnappingMixin was chosen to be loaded!
[03:00:04] [main/WARN]: Error loading class: net/caffeinemc/sodium/client/render/chunk/compile/pipeline/BlockRenderer (java.lang.ClassNotFoundException: net/caffeinemc/sodium/client/render/chunk/compile/pipeline/BlockRenderer)
[03:00:04] [main/WARN]: @Mixin target net/caffeinemc/sodium/client/render/chunk/compile/pipeline/BlockRenderer was not found fwa.client.mixins.json:compat.sodium.BlockRendererMixin from mod fwa
[03:00:04] [main/WARN]: Error loading class: me/jellysquid/mods/sodium/client/render/chunk/compile/pipeline/BlockRenderer (java.lang.ClassNotFoundException: me/jellysquid/mods/sodium/client/render/chunk/compile/pipeline/BlockRenderer)
[03:00:04] [main/WARN]: @Mixin target me/jellysquid/mods/sodium/client/render/chunk/compile/pipeline/BlockRenderer was not found fwa.client.mixins.json:compat.sodium.BlockRendererMixin from mod fwa
[03:00:04] [main/WARN]: Error loading class: dev/isxander/controlify/virtualmouse/VirtualMouseHandler (java.lang.ClassNotFoundException: dev/isxander/controlify/virtualmouse/VirtualMouseHandler)
[03:00:04] [main/WARN]: @Mixin target dev.isxander.controlify.virtualmouse.VirtualMouseHandler was not found mixins.ipnext.json:MixinVirtualMouseHandler from mod inventoryprofilesnext
[03:00:04] [main/WARN]: Error loading class: net/minecraft/class_437 (java.lang.ClassNotFoundException: net/minecraft/class_437)
[03:00:04] [main/WARN]: @Mixin target net.minecraft.class_437 was not found iris_search.mixins.json:ScreenAccessor from mod iris_search
[03:00:05] [main/INFO]: Force-disabling mixin 'world.raycast.BlockGetterMixin' as rule 'mixin.world.raycast' (added by mods [frozenlib]) disables it and children
[03:00:05] [main/INFO]: Force-disabling mixin 'world.raycast.ClipContextAccessor' as rule 'mixin.world.raycast' (added by mods [frozenlib]) disables it and children
[03:00:05] [main/WARN]: Error loading class: com/mojang/authlib/yggdrasil/YggdrasilUserApiService (java.lang.ClassNotFoundException: com/mojang/authlib/yggdrasil/YggdrasilUserApiService)
[03:00:05] [main/WARN]: @Mixin target com.mojang.authlib.yggdrasil.YggdrasilUserApiService was not found no-telemetry.mixins.json:NewYggdrasilUserApiServiceMixin from mod no-telemetry
[03:00:05] [main/INFO]: plane advancements compatibility: betteradvancements
[03:00:05] [main/WARN]: Error loading class: fuzs/swordblockingmechanics/common/handler/SwordBlockingHandler (java.lang.ClassNotFoundException: fuzs/swordblockingmechanics/common/handler/SwordBlockingHandler)
[03:00:05] [main/WARN]: Error loading class: fuzs/swordblockingmechanics/common/client/handler/FirstPersonRenderingHandler (java.lang.ClassNotFoundException: fuzs/swordblockingmechanics/common/client/handler/FirstPersonRenderingHandler)
[03:00:06] [main/WARN]: Force-disabling mixin 'features.render.world.sky.LevelRendererMixin' as rule 'mixin.features.render.world.sky' (added by mods [iris]) disables it and children
[03:00:06] [main/WARN]: Error loading class: io/wispforest/owo/shader/BlurProgram (java.lang.ClassNotFoundException: io/wispforest/owo/shader/BlurProgram)
[03:00:06] [main/WARN]: @Mixin target io.wispforest.owo.shader.BlurProgram was not found spatial-gui.mixins.json:render.OwoBlurMixin from mod spatial-gui
[03:00:06] [main/WARN]: Error loading class: org/anti_ad/mc/ipnext/event/AutoRefillHandler$ItemSlotMonitor (java.lang.ClassNotFoundException: org/anti_ad/mc/ipnext/event/AutoRefillHandler$ItemSlotMonitor)
[03:00:06] [main/INFO]: Wrapping mixin service for asyncparticles.target-modifier.mixins.json so that we can modify target classes.
[03:00:07] [main/INFO]: Redirecting IClassBytecodeProvider#getClassNode for fun.qu_an.minecraft.asyncparticles.client.coremod.mixin_extension.class_adjuster.mixin.AsyncParticlesGenerated$fun$_qu_an$_minecraft$_asyncparticles$_client$_mixin$_conditional$_MixinParticles_LockRequired_Tick
[03:00:07] [main/INFO]: Redirecting IClassBytecodeProvider#getClassNode for fun.qu_an.minecraft.asyncparticles.client.coremod.mixin_extension.class_adjuster.mixin.AsyncParticlesGenerated$fun$_qu_an$_minecraft$_asyncparticles$_client$_mixin$_conditional$_Mixin_ReplaceRandom
[03:00:07] [main/INFO]: Redirecting IClassBytecodeProvider#getClassNode for fun.qu_an.minecraft.asyncparticles.client.coremod.mixin_extension.class_adjuster.mixin.AsyncParticlesGenerated$fun$_qu_an$_minecraft$_asyncparticles$_client$_mixin$_conditional$_MixinParticles_LockRequired_Extract
[03:00:07] [main/INFO]: Redirecting IClassBytecodeProvider#getClassNode for fun.qu_an.minecraft.asyncparticles.client.coremod.mixin_extension.class_adjuster.mixin.AsyncParticlesGenerated$fun$_qu_an$_minecraft$_asyncparticles$_client$_mixin$_conditional$_MixinParticles_LockProvider
[03:00:07] [main/INFO]: Redirecting IClassBytecodeProvider#getClassNode for fun.qu_an.minecraft.asyncparticles.client.coremod.mixin_extension.class_adjuster.mixin.AsyncParticlesGenerated$fun$_qu_an$_minecraft$_asyncparticles$_client$_mixin$_conditional$_MixinParticles_LightCacheNoRefresh
[03:00:07] [main/INFO]: Redirecting IClassBytecodeProvider#getClassNode for fun.qu_an.minecraft.asyncparticles.client.coremod.mixin_extension.class_adjuster.mixin.AsyncParticlesGenerated$fun$_qu_an$_minecraft$_asyncparticles$_client$_mixin$_conditional$_MixinAsyncTick_AsyncTickableParticleGroup
[03:00:08] [main/INFO]: Registering config for libjf-translate-v1
[03:00:08] [main/INFO]: Registering config for libjf-web-v1
[03:00:08] [main/INFO]: Registering config for resclone
[03:00:09] [main/INFO]: Registering config for respackopts
[03:00:09] [main/INFO]: Killing telemetry
[03:00:09] [main/INFO]: Searching for graphics cards...
[03:00:10] [main/INFO]: Found graphics adapter: AdapterInfo{vendor=NVIDIA, description='NVIDIA GeForce RTX 5070 Laptop GPU', adapterType=0x00002313, openglIcdFilePath='C:\Windows\System32\DriverStore\FileRepository\nvami.inf_amd64_46b14a8ba26be7f7\nvoglv64.dll', openglIcdVersion=32.0.16.1088}
[03:00:10] [main/INFO]: Found graphics adapter: AdapterInfo{vendor=INTEL, description='Intel(R) RaptorLake-S Mobile Graphics Controller', adapterType=0x0000232B, openglIcdFilePath='C:\Windows\System32\DriverStore\FileRepository\iigd_dch.inf_amd64_20cdaaedd9005d64\igxelpicd64.dll', openglIcdVersion=32.0.101.7076}
[03:00:10] [main/WARN]: Sodium has applied one or more workarounds to prevent crashes or other issues on your system: [NVIDIA_THREADED_OPTIMIZATIONS_BROKEN]
[03:00:10] [main/WARN]: This is not necessarily an issue, but it may result in certain features or optimizations being disabled. You can sometimes fix these issues by upgrading your graphics driver.
[03:00:10] [main/INFO]: Initializing MixinExtras via com.llamalad7.mixinextras.service.MixinExtrasServiceImpl(version=0.5.5).
[03:00:12] [main/INFO]: EuphoriaPatcher: [UPDATE CHECKER] The EuphoriaPatcher Mod is up to date
[03:00:12] [main/INFO]: EuphoriaPatcher: We're building the buildings as fast as we can...
[03:00:12] [main/INFO]: EuphoriaPatcher: EuphoriaPatches_1.10.5 is already installed.
[03:00:13] [Via-Mappingloader-1/INFO]: Loading block connection mappings ...
[03:00:14] [Worker-Main-1/INFO]: Loading translations...
[03:00:14] [Worker-Main-1/INFO]: Registering protocols...
[03:00:14] [main/INFO]: ModernFix reached bootstrap stage (22.06 s after launch)
[03:00:14] [Datafixer Bootstrap #0/INFO]: 307 Datafixer optimizations took 375 milliseconds
[03:00:15] [Worker-Main-1/INFO]: ViaVersion detected lowest supported version by the proxy: c0.0.15a-1 (0)
[03:00:15] [Worker-Main-1/INFO]: Highest supported version by the proxy: 26.3 (777)
[03:00:15] [Worker-Main-1/INFO]: Environment: Environment[discoveryUrl=https://discovery.minecraftservices.com/minecraft/client, name=PROD]
[03:00:16] [Via Async Scheduler 0/INFO]: Finished mapping loading, shutting down loader executor.
[03:00:16] [main/WARN]: Method overwrite conflict for getTemperature in modernfix-common.mixins.json:perf.remove_biome_temperature_cache.BiomeMixin from mod modernfix, previously written by net.caffeinemc.mods.lithium.mixin.world.temperature_cache.BiomeMixin. Skipping method.
[03:00:20] [main/INFO]: Vanilla bootstrap took 6506 milliseconds
[03:00:21] [Render thread/INFO]: Environment: Environment[discoveryUrl=https://discovery.minecraftservices.com/minecraft/client, name=PROD]
[03:00:21] [Render thread/INFO]: Setting user: SillyEnderer
[03:00:21] [Render thread/INFO]: Initializing aitk on FABRIC
[03:00:21] [Render thread/INFO]: Anvian's Lib initialized in Minecraft 26.3
[03:00:21] [Render thread/WARN]: Method overwrite conflict for getGuiRenderState in gnetum.mixins.json:Gui_Graphics_Accessor from mod gnetum, previously written by com.anthonyhilyard.iceberg.mixin.GuiGraphicsMixin. Skipping method.
[03:00:21] [Render thread/WARN]: Method overwrite conflict for getGuiRenderState in resourcefulconfig.mixins.json:client.GuiGraphicsExtractorAccessor from mod resourcefulconfig, previously written by com.anthonyhilyard.iceberg.mixin.GuiGraphicsMixin. Skipping method.
[03:00:21] [Render thread/INFO]: [B100Lib] Is Development Environment: false
[03:00:21] [Render thread/INFO]: [B100Lib] 0 Translation keys
[03:00:21] [Render thread/INFO]: BaguetteLib loaded on Fabric!
[03:00:22] [Render thread/INFO]: Mod proxy balm:permissions resolved as net.blay09.mods.balm.fabric.platform.compatibility.permissions.internal.FabricPermissionsAPIIntegration@10726def
[03:00:22] [Render thread/INFO]: [Bathymetry]: Bathymetry Initialized
[03:00:22] [Render thread/INFO]: Initializing Bedrock Skins Mod
[03:00:22] [Render thread/INFO]: Telemetry data sent: 201
[03:00:22] [Render thread/INFO]: Bookshelf Visualizer initialized on Fabric
[03:00:22] [Render thread/INFO]: ClassicMinecraftIconStorage initialized
[03:00:22] [Render thread/INFO]: Loading Collective version 8.42.
[03:00:22] [Render thread/INFO]: Discovering Plugins
[03:00:22] [Render thread/INFO]: Discovered 1 plugins
[03:00:22] [Render thread/INFO]: Loading Server Plugins
[03:00:22] [Render thread/INFO]: Loaded Server Plugins
[03:00:22] [Cicada thread 0/INFO]: 'I AM THE EGGEST OF THEM ALL' - Louise_DS (she/her)
[03:00:22] [Render thread/INFO]: Constructing components for cutthrough:common
[03:00:22] [Render thread/INFO]: Dispatching loading event for config cutthrough-client.toml
[03:00:23] [Render thread/INFO]: Enabled 89 bug fixes: [MC-577, MC-4490, MC-7569, MC-8187, MC-30391, MC-35361, MC-46737, MC-46766, MC-57057, MC-79545, MC-80859, MC-82263, MC-84661, MC-88371, MC-89146, MC-90683, MC-93018, MC-93384, MC-94054, MC-100991, MC-105068, MC-115092, MC-116379, MC-118740, MC-119754, MC-121706, MC-121903, MC-122627, MC-123450, MC-127970, MC-131562, MC-132878, MC-133218, MC-134110, MC-136249, MC-139041, MC-143474, MC-147659, MC-153010, MC-155509, MC-158900, MC-159163, MC-160095, MC-165306, MC-165381, MC-168573, MC-170462, MC-176559, MC-176806, MC-177381, MC-179072, MC-183990, MC-187100, MC-188359, MC-197260, MC-200418, MC-201374, MC-202637, MC-206922, MC-210318, MC-211561, MC-215530, MC-215531, MC-217716, MC-221257, MC-223153, MC-224729, MC-226961, MC-227337, MC-231097, MC-231743, MC-232869, MC-237493, MC-242809, MC-245394, MC-251068, MC-263999, MC-264285, MC-264979, MC-267125, MC-267376, MC-268420, MC-268617, MC-271899, MC-272431, MC-280220, MC-297837, MC-298225, MC-298558]
[03:00:23] [Render thread/INFO]: Successfully Debugify'd your game!
[03:00:23] [Render thread/INFO]: Ding loaded!
[03:00:23] [Render thread/INFO]: Constructing components for effectinsights:common
[03:00:23] [Render thread/INFO]: Dispatching loading event for config effectinsights-client.toml
[03:00:23] [Render thread/INFO]: [Entity Selection Outlines]: Mod is loading on a fabric environment!
[03:00:23] [Render thread/INFO]: [Entity Selection Outlines]: Config file 'eg_entity_outlines.json' not found
[03:00:23] [Render thread/INFO]: [Enchanted's Sodium Options]: Mod is loading on a fabric environment!
[03:00:23] [Render thread/INFO]: Hello from Fabric init on ExploitationTimer
[03:00:23] [Render thread/INFO]: Initializing CommonMod for Anvian's Exploitation Timer
[03:00:23] [Render thread/INFO]: Telemetry data sent: 201
[03:00:23] [Render thread/INFO]: ping & connect fast!
[03:00:23] [Render thread/INFO]: fastmapcodec.test: mixin applied
[03:00:23] [Render thread/INFO]: FastMapCodec mod initialized
[03:00:23] [Render thread/INFO]: [FWA] Fancy World Animations initialized!
[03:00:23] [Render thread/INFO]: Initializing Glowing Emissive Ores Definitive Edition 1.0.3 on FABRIC
[03:00:23] [Render thread/INFO]: Hello Fabric world!
[03:00:23] [Render thread/INFO]: Better Happy Ghast Controls Initialized!
[03:00:23] [Thread-8/INFO]: Watching for changes in C:\Users\kamau\AppData\Roaming\ModrinthApp\profiles\F5W\resourcepacks
[03:00:23] [Render thread/INFO]: Constructing components for hotbarslotcycling:common
[03:00:23] [Render thread/INFO]: Dispatching loading event for config hotbarslotcycling-client.toml
[03:00:23] [Render thread/INFO]: Immersive Hotbar Loaded
[03:00:23] [Render thread/INFO]: Initializing imprint on FABRIC
[03:00:23] [Render thread/INFO]: [Inventory Interactions]: Inventory Interactions Initialized
[03:00:23] [Render thread/INFO]: [Inventory Particles]: Inventory Particles Initialized
[03:00:23] [Render thread/INFO]: IrisSearch: IrisSearch v1.8.2 initialized successfully.
[03:00:23] [Render thread/INFO]: [KONKRETE] Loading v1.11.1 in client-side mode on FABRIC!
[03:00:23] [Render thread/INFO]: [KONKRETE] Server-side modules initialized and ready to use!
[03:00:23] [Render thread/INFO]: Compression will use Java, encryption will use Java
[03:00:23] [Render thread/INFO]: Constructing components for leavemybarsalone:common
[03:00:23] [Render thread/INFO]: Dispatching loading event for config leavemybarsalone-client.toml
[03:00:23] [Render thread/INFO]: MidnightLib detected!
[03:00:23] [Render thread/INFO]: Make Bubbles Pop by Tschipcraft initialized!
[03:00:23] [Render thread/INFO]: Initializing mc2_interactivefoliage on FABRIC
[03:00:23] [Render thread/INFO]: [MELODY] Loading v1.0.17 on FABRIC...
[03:00:23] [Render thread/INFO]: [MossyLib]: MossyLib Initialized
[03:00:23] [Render thread/INFO]: Deserializing MountOpacityConfig from 'C:\Users\kamau\AppData\Roaming\ModrinthApp\profiles\F5W\config\mountopacity.json'
[03:00:23] [Render thread/INFO]: My Totem Doll Initialized
[03:00:23] [Render thread/INFO]: Constructing components for opentogether:common
[03:00:23] [Render thread/WARN]: Cancelled mixin fun.qu_an.minecraft.asyncparticles.client.mixin.conditional.Mixin_ReplaceRandom. Check debug logs for more information.
[03:00:23] [Render thread/INFO]: Dispatching loading event for config opentogether-client.toml
[03:00:23] [Render thread/INFO]: Dispatching loading event for config opentogether-common.toml
[03:00:23] [Render thread/INFO]: Deserializing YaclConfig from 'C:\Users\kamau\AppData\Roaming\ModrinthApp\profiles\F5W\config\pas.json5'
[03:00:23] [Render thread/INFO]: Constructing components for pickupnotifier:common
[03:00:24] [Render thread/INFO]: Dispatching loading event for config pickupnotifier-client.toml
[03:00:24] [Render thread/INFO]: Hello Fabric world!
[03:00:24] [Render thread/INFO]: Constructing components for puzzleslib:common
[03:00:24] [Render thread/INFO]: Initialising Resclone.
[03:00:24] [Render thread/INFO]: No resclone pack was specified, add one
[03:00:24] [Render thread/INFO]: Installed 0 resource packs.
[03:00:24] [Render thread/INFO]: [STDOUT]: [RowGlide] Input hooks registered
[03:00:24] [Render thread/INFO]: RowGlide is ready
[03:00:24] [Render thread/INFO]: [ShulkerBoxTooltip] Could not find configuration file, creating default file
[03:00:24] [Render thread/INFO]: Constructing components for slotcycler:common
[03:00:24] [Render thread/INFO]: Deserializing SmoothConfig from 'C:\Users\kamau\AppData\Roaming\ModrinthApp\profiles\F5W\config\smoothskies.json'
[03:00:24] [Render thread/INFO]: Initializing Spatial GUI
[03:00:24] [Render thread/INFO]: Deserializing Config from 'C:\Users\kamau\AppData\Roaming\ModrinthApp\profiles\F5W\config\stfu.json5'
[03:00:24] [Render thread/INFO]: Initializing sway on FABRIC
[03:00:24] [Render thread/INFO]: TimelessLib Initialising
[03:00:24] [Render thread/INFO]: Constructing components for tooltipinsights:common
[03:00:24] [Render thread/INFO]: Deserializing WhereIsItConfig from 'C:\Users\kamau\AppData\Roaming\ModrinthApp\profiles\F5W\config\whereisit.json5'
[03:00:24] [Render thread/INFO]: Serializing class red.jackf.whereisit.config.WhereIsItConfig to 'C:\Users\kamau\AppData\Roaming\ModrinthApp\profiles\F5W\config\whereisit.json5'
[03:00:24] [Render thread/INFO]: Initializing aitk Client on FABRIC
[03:00:24] [Render thread/INFO]: Initializing Animated Mojang Logo
[03:00:24] [Render thread/INFO]: Deserializing ModConfig from 'C:\Users\kamau\AppData\Roaming\ModrinthApp\profiles\F5W\config\animated-mojang-logo.json'
[03:00:24] [Render thread/INFO]: AR1 Animated Typing initialized!
[03:00:24] [Render thread/INFO]: Registering S2C receiver with id architectury:spawn_entity_packet
[03:00:24] [Render thread/INFO]: Successfully loaded armor-indicator mod!
[03:00:24] [Render thread/INFO]: [B100Lib] 22 Translation keys
[03:00:24] [Render thread/INFO]: [Bathymetry/Client]: Bathymetry Client Initialized
[03:00:24] [Render thread/INFO]: Loaded
[03:00:24] [Render thread/INFO]: [BCBUI] Initialized.
[03:00:24] [Render thread/INFO]: Deserializing ChestTrackerConfig from 'C:\Users\kamau\AppData\Roaming\ModrinthApp\profiles\F5W\config\chesttracker.json5'
[03:00:24] [Render thread/INFO]: Serializing class red.jackf.chesttracker.impl.config.ChestTrackerConfig to 'C:\Users\kamau\AppData\Roaming\ModrinthApp\profiles\F5W\config\chesttracker.json5'
[03:00:24] [ToggleableConfigWatchService/INFO]: Registering config for libjf-config-core-v2
[03:00:24] [ToggleableConfigWatchService/INFO]: Created config watch service
[03:00:24] [Render thread/INFO]: Bookshelf Visualizer client initialized on Fabric
[03:00:26] [Render thread/INFO]: Craft Config Lib loaded.
[03:00:26] [Render thread/INFO]: Loading Client Plugins
[03:00:26] [Render thread/INFO]: Loaded Client Plugins
[03:00:26] [Render thread/INFO]: Constructing components for cutthrough:client
[03:00:26] [Render thread/INFO]: Client Initialized Successfully!
[03:00:26] [Render thread/INFO]: Successfully registered 'minecraft:netherite_chestplate' and 3 more items!
[03:00:26] [Render thread/INFO]: Successfully registered 'minecraft:diamond_helmet' and 3 more items!
[03:00:26] [Render thread/INFO]: Successfully registered 'minecraft:turtle_helmet'!
[03:00:26] [Render thread/INFO]: Successfully registered 'minecraft:iron_helmet' and 3 more items!
[03:00:26] [Render thread/INFO]: Successfully registered 'minecraft:chainmail_helmet' and 3 more items!
[03:00:26] [Render thread/INFO]: Successfully registered 'minecraft:golden_helmet' and 3 more items!
[03:00:26] [Render thread/INFO]: Successfully registered 'minecraft:copper_helmet' and 3 more items!
[03:00:26] [Render thread/INFO]: Successfully registered 'minecraft:leather_helmet' and 3 more items!
[03:00:26] [Render thread/INFO]: Successfully registered 'minecraft:elytra'!
[03:00:26] [Render thread/INFO]: Deserializing Config from 'C:\Users\kamau\AppData\Roaming\ModrinthApp\profiles\F5W\config\dynamiccrosshair.json5'
[03:00:26] [Render thread/INFO]: [EaseGUI] Initializing EaseGUI...
[03:00:26] [Render thread/INFO]: [EaseGUI] Config successfully loaded from disk.
[03:00:26] [Render thread/INFO]: EclipsePlatform initialized on FABRIC
[03:00:26] [Render thread/INFO]: EclipseUI 1.0.0 initialized
[03:00:26] [Render thread/INFO]: Constructing components for effectinsights:client
[03:00:26] [Render thread/INFO]: [Particle Interactions]: Mod init started. Compiled for fabric
[03:00:26] [Render thread/WARN]: Cancelled mixin fun.qu_an.minecraft.asyncparticles.client.mixin.conditional.MixinParticles_LockProvider. Check debug logs for more information.
[03:00:26] [Render thread/WARN]: Cancelled mixin fun.qu_an.minecraft.asyncparticles.client.mixin.conditional.MixinParticles_LockRequired_Tick. Check debug logs for more information.
[03:00:26] [Render thread/WARN]: Cancelled mixin fun.qu_an.minecraft.asyncparticles.client.mixin.conditional.Mixin_ReplaceRandom. Check debug logs for more information.
[03:00:26] [Render thread/WARN]: Cancelled mixin fun.qu_an.minecraft.asyncparticles.client.mixin.conditional.MixinParticles_LockRequired_Extract. Check debug logs for more information.
[03:00:26] [Render thread/INFO]: [Particle Interactions]: Init done!
[03:00:26] [Render thread/INFO]: Class 'com.illusivesoulworks.colytra.client.ColytraLayer' not found
[03:00:26] [Render thread/INFO]: Class 'com.illusivesoulworks.elytraslot.client.ElytraSlotLayer' not found
[03:00:26] [Render thread/INFO]: Class 'com.kyanite.deeperdarker.client.render.SoulElytraRenderer' not found
[03:00:26] [Render thread/INFO]: Class 'pw.lakuna.elytra_trinket.ElytraTrinketFeatureRenderer' not found
[03:00:26] [Render thread/INFO]: Class 'org.betterx.betterend.client.render.ArmoredElytraLayer' not found
[03:00:26] [Render thread/INFO]: Successfully added class 'net.minecraft.client.renderer.entity.layers.WingsLayer' to layer inject list
[03:00:27] [Render thread/WARN]: Found fine program match for elytratrails:pipeline/entity_translucent_cull: ENTITIES_EYES_TRANS
[03:00:27] [Render thread/WARN]: Found fine program match for elytratrails:pipeline/entity_translucent_cull: ENTITIES_EYES_TRANS
[03:00:27] [Render thread/WARN]: Found fine program match for elytratrails:pipeline/entity_cutout_emissive_unlit: ENTITIES_EYES_TRANS
[03:00:27] [Render thread/WARN]: Found fine program match for elytratrails:pipeline/entity_translucent_emissive_unlit: ENTITIES_EYES_TRANS
[03:00:27] [Render thread/WARN]: Found fine program match for elytratrails:pipeline/entity_cutout_emissive_unlit: ENTITIES_EYES_TRANS
[03:00:27] [Render thread/WARN]: Found fine program match for elytratrails:pipeline/entity_translucent_emissive_unlit: ENTITIES_EYES_TRANS
[03:00:27] [Render thread/WARN]: Found fine program match for elytratrails:pipeline/entity_cutout_lit: ENTITIES_CUTOUT
[03:00:27] [Render thread/INFO]: [EMF]: Successful registration of unique variable:twirl_angle from mod elytratrails
[03:00:27] [Render thread/INFO]: [EMF]: Successful registration of unique variable:twirl_state from mod elytratrails
[03:00:27] [Render thread/INFO]: [ETF]: Modifying ETF Render State constructor because: for EMF
[03:00:27] [Render thread/INFO]: Loading Entity Model Features, now moving all models 0.00001 blocks to the left every 4 seconds.
[03:00:27] [Render thread/INFO]: [ETF]: 6 new ETF Random Properties registered by entity_model_features
[03:00:27] [Render thread/INFO]: [ESF (Entity Sound Features)] initialized.
[03:00:27] [Render thread/INFO]: [ETF]: 3 new ETF Random Properties registered by entity_sound_features
[03:00:27] [Render thread/INFO]: [EMF]: Successful registration of custom function:playingsound from mod entity_sound_features
[03:00:27] [Render thread/INFO]: [EMF]: Successful registration of custom function:isplayingsound from mod entity_sound_features
[03:00:27] [Render thread/INFO]: [EMF]: Successful registration of custom function:playsound from mod entity_sound_features
[03:00:27] [Render thread/INFO]: Loading Entity Texture Features, why does no one download Solid Mobs :(
[03:00:27] [Render thread/INFO]: [Indigo] Different rendering plugin detected; not applying Indigo.
[03:00:27] [Render thread/INFO]: [FastQuit] Initialized
[03:00:27] [Render thread/INFO]: Loading Fog.
[03:00:27] [Render thread/INFO]: Deserializing FogConfig from 'C:\Users\kamau\AppData\Roaming\ModrinthApp\profiles\F5W\config\config.json'
[03:00:27] [Render thread/INFO]: Initializing Glowing Emissive Ores Definitive Edition client on FABRIC
[03:00:27] [Render thread/INFO]: Captured this client startup's GEO availability snapshot with 425 installed mods and 27/4823 registry-backed entries present.
[03:00:27] [Render thread/INFO]: Loaded build-generated GEO index with 4826 entries across 313 namespaces and 22754 source files in 60 ms.
[03:00:27] [Render thread/INFO]: Constructing components for hotbarslotcycling:client
[03:00:27] [Render thread/INFO]: Deserializing ImmersiveHotbarConfig from 'C:\Users\kamau\AppData\Roaming\ModrinthApp\profiles\F5W\config\immersive-hotbar.json5'
[03:00:27] [Render thread/INFO]: Initializing imprint Client on FABRIC
[03:00:27] [Render thread/INFO]: Loaded 27 ignored entity definitions
[03:00:27] [Render thread/INFO]: Loaded 49 entity footprint definitions
[03:00:27] [Render thread/INFO]: [Inventory Interactions/Client]: Inventory Interactions Client Initialized
[03:00:27] [Render thread/INFO]: [Inventory Particles/Client]: Inventory Particles Client Initialized
[03:00:27] [Render thread/WARN]: Method overwrite conflict for getSelectedKey in kuma_api.mixins.json:KeyBindsScreenAccessor from mod kuma_api, previously written by us.kenny.mixin.KeyBindsScreenMixin. Skipping method.
[03:00:27] [Render thread/INFO]: [KeepSneak] Loaded - sneak pose will be maintained while GUIs are open.
[03:00:27] [Render thread/INFO]: Krypton is now accelerating your Minecraft client's networking stack 🚀
[03:00:27] [Render thread/INFO]: Note that Krypton is most effective on servers, not the client.
[03:00:27] [Render thread/INFO]: Constructing components for leavemybarsalone:client
[03:00:27] [Render thread/INFO]: Initializing mc2_interactivefoliage Client on FABRIC
[03:00:27] [Render thread/INFO]: Foliage compat: 4 blocks registered, 166 not present
[03:00:27] [Render thread/INFO]: Sway removals: 7 blocks taken out of Sway
[03:00:28] [Render thread/WARN]: Using Cloth Config GUI
[03:00:28] [Render thread/WARN]: Skipping unknown badge key 'client' specified by mod 'rowglide'
[03:00:28] [Render thread/INFO]: Checking mod updates...
[03:00:28] [Render thread/INFO]: [MossyLib/Client]: MossyLib Client Initialized
[03:00:28] [Render thread/INFO]: Chargement de Sodium Blur par WyKaxee...
[03:00:28] [Render thread/INFO]: Sodium Blur pret. Reglez l'intensite depuis Options video > Sodium > Motion Blur.
[03:00:28] [Render thread/INFO]: [STDOUT]: [Mouse Tweaks] Main.initialize()
[03:00:28] [Render thread/INFO]: [STDOUT]: [Mouse Tweaks] Initialized.
[03:00:28] [Render thread/INFO]: Starting multi-key-bindings with controlling plugin!
[03:00:28] [Render thread/INFO]: My Totem Doll Client Initialized
[03:00:28] [Render thread/INFO]: Initializing Nice Boat Refabricated...
The original project by derumin: https://gitee.com/derumin/nice_boat
This mod is open-sourced under GPLv3 while the unchanged code from the original project follows the MIT License.
[03:00:28] [Render thread/INFO]: Nice Boat Refabricated: Config loaded, customize using cloth config screen!
[03:00:28] [Render thread/INFO]: Constructing components for opentogether:client
[03:00:28] [Render thread/INFO]: Optis client initialization has started.
[03:00:28] [Render thread/INFO]: Loaded Optis config from C:\Users\kamau\AppData\Roaming\ModrinthApp\profiles\F5W\config\optis.json
[03:00:28] [Render thread/INFO]: Constructing components for pickupnotifier:client
[03:00:29] [Render thread/INFO]: Constructing components for puzzleslib:client
[03:00:29] [Render thread/INFO]: Deserializing Config from 'C:\Users\kamau\AppData\Roaming\ModrinthApp\profiles\F5W\config\real_arrow_tip.json5'
[03:00:29] [Render thread/INFO]: Constructing components for slotcycler:client
[03:00:29] [Render thread/INFO]: Fixing those pesky smooth textures!
[03:00:29] [Render thread/INFO]: Telemetry data sent: 201
[03:00:29] [Render thread/INFO]: Reloading reverb parameters
[03:00:29] [Render thread/INFO]: [SoundCulling] 2.0 engine initialized — preset=BALANCED, adaptive=true, region=16.0 blocks
[03:00:29] [Render thread/INFO]: Spatial HUD initialized. Press H for the read-only guide; direct keys: F8 = Method 3, F9 = Method 4.
[03:00:29] [Render thread/INFO]: [SSPB] Broken dirt path lighting is best dirt path lighting lol
[03:00:29] [Render thread/INFO]: Deserializing StupidBlockPlacementConfig from 'C:\Users\kamau\AppData\Roaming\ModrinthApp\profiles\F5W\config\stupid-block-animations.json5'
[03:00:29] [Render thread/INFO]: Serializing class fnn.stupidblockplacement.config.StupidBlockPlacementConfig to 'C:\Users\kamau\AppData\Roaming\ModrinthApp\profiles\F5W\config\stupid-block-animations.json5'
[03:00:29] [Render thread/INFO]: Initializing Sway Client...
[03:00:29] [Render thread/WARN]: @Final field KNOWN_ATLASES:Ljava/util/List; in eg_particle_interactions.mixins.json:resource.RegisterAtlasConfig_AtlasManagerMixin from mod eg_particle_interactions should be final
[03:00:29] [Render thread/INFO]: TimelessLib Client Initialising
[03:00:29] [Render thread/INFO]: Constructing components for tooltipinsights:client
[03:00:29] [Render thread/INFO]: [STDOUT]: [TRender] Initializing Client...
[03:00:29] [Render thread/INFO]: Initializing UniversalSettings on Fabric
[03:00:29] [Render thread/INFO]: [STDOUT]: [Vectorientation] Initialized.
[03:00:29] [Render thread/INFO]: Deserializing WindyConfig from 'C:\Users\kamau\AppData\Roaming\ModrinthApp\profiles\F5W\config\windy-config.json'
[03:00:29] [Render thread/INFO]: Registering common data for channel xaerolib:main!
[03:00:29] [Render thread/INFO]: Registering client data for channel xaerolib:main!
[03:00:29] [Render thread/INFO]: Loading primary common config for channel xaerolib:main!
[03:00:29] [Render thread/INFO]: Loading server config profiles for channel xaerolib:main!
[03:00:29] [Render thread/INFO]: Loading primary client config for channel xaerolib:main!
[03:00:29] [Render thread/INFO]: Loading client config profiles for channel xaerolib:main!
[03:00:29] [Render thread/INFO]: Loading XaeroLib common 1/2!
[03:00:29] [Render thread/INFO]: Loading XaeroLib client 1/3!
[03:00:30] [Render thread/WARN]: io exception while checking patreon: Online mod data expired! Date: Wed Oct 07 06:36:48 EDT 2026
[03:00:30] [Render thread/INFO]: Xaero's Minimap: World Map found!
[03:00:30] [Render thread/INFO]: No Optifine!
[03:00:30] [Render thread/INFO]: Xaero's Minimap: No Vivecraft!
[03:00:30] [Render thread/INFO]: Xaero's Minimap: Iris found!
[03:00:30] [Render thread/INFO]: Registering common data for channel xaerominimap:main!
[03:00:30] [Render thread/INFO]: Registering client data for channel xaerominimap:main!
[03:00:30] [Render thread/INFO]: Loading primary common config for channel xaerominimap:main!
[03:00:30] [Render thread/INFO]: Loading server config profiles for channel xaerominimap:main!
[03:00:30] [Render thread/INFO]: Loading primary client config for channel xaerominimap:main!
[03:00:30] [Render thread/INFO]: Loading client config profiles for channel xaerominimap:main!
[03:00:30] [Render thread/INFO]: Loading Xaero's Minimap - Stage 1/3
[03:00:30] [Render thread/INFO]: Registering common data for channel xaeroworldmap:main!
[03:00:30] [Render thread/INFO]: Registering client data for channel xaeroworldmap:main!
[03:00:30] [Render thread/INFO]: Loading primary common config for channel xaeroworldmap:main!
[03:00:30] [Render thread/INFO]: Loading server config profiles for channel xaeroworldmap:main!
[03:00:30] [Render thread/INFO]: Loading primary client config for channel xaeroworldmap:main!
[03:00:30] [Render thread/INFO]: Loading client config profiles for channel xaeroworldmap:main!
[03:00:30] [Render thread/INFO]: Loading Xaero's World Map - Stage 1/3
[03:00:30] [Render thread/INFO]: Deserializing YACLConfig from 'C:\Users\kamau\AppData\Roaming\ModrinthApp\profiles\F5W\config\yacl.json5'
[03:00:30] [Render thread/INFO]: Initializing mods (entrypoint yumi:init)...
[03:00:30] [Render thread/ERROR]: Registry 'frozenlib:wind_manager_extension_type' was empty after loading
[03:00:30] [Render thread/ERROR]: Registry 'frozenlib:entity_texture_override' was empty after loading
[03:00:30] [Render thread/INFO]: [LambDynLights] Initializing LambDynamicLights...
[03:00:30] [Render thread/INFO]: [LambDynLights] Configuration loaded.
[03:00:31] [ForkJoinPool.commonPool-worker-1/WARN]: [Iris Update Check] This version doesn't have an update index, skipping.
[03:00:31] [Render thread/INFO]: Loading Early Init Plugins
[03:00:31] [Render thread/INFO]: Loading config file from C:\Users\kamau\AppData\Roaming\ModrinthApp\profiles\F5W\config\simple-rpc\simple-rpc.toml
[03:00:31] [Render thread/INFO]: Registered simple-rpc.toml successfully!
[03:00:31] [Render thread/INFO]: Loading config file from C:\Users\kamau\AppData\Roaming\ModrinthApp\profiles\F5W\config\simple-rpc\server-entries.toml
[03:00:31] [Render thread/INFO]: Registered server-entries.toml successfully!
[03:00:31] [Render thread/INFO]: Connected to Discord API
[03:00:31] [Render thread/INFO]: Backend library: LWJGL version 3.4.3-snapshot
[03:00:31] [Ixeris Event Polling Thread/INFO]: SDL [SYSTEM]: App name: Minecraft
[03:00:31] [Ixeris Event Polling Thread/INFO]: SDL [SYSTEM]: App version: 26.3
[03:00:31] [Ixeris Event Polling Thread/INFO]: SDL [SYSTEM]: App ID: com.mojang.minecraft
[03:00:31] [Ixeris Event Polling Thread/INFO]: SDL [SYSTEM]: SDL revision: SDL-3.4.14-62f10da
[03:00:31] [Ixeris Event Polling Thread/INFO]: Using SdlEventHandler
[03:00:31] [Render thread/INFO]: Using SdlEventHandler
[03:00:32] [Render thread/INFO]: Modifying process environment to apply workarounds for the NVIDIA graphics driver...
[03:00:32] [Render thread/INFO]: Modifying process environment to apply workarounds for the NVIDIA graphics driver...
[03:00:32] [Render thread/INFO]: All capabilities met
[03:00:32] [Render thread/INFO]: Enabling Nvidium
[03:00:32] [Render thread/INFO]: Debug functionality is disabled.
[03:00:32] [Render thread/INFO]: ARB_direct_state_access detected, enabling DSA.
[03:00:32] [Render thread/WARN]: Cancelled mixin fun.qu_an.minecraft.asyncparticles.client.mixin.conditional.Mixin_ReplaceRandom. Check debug logs for more information.
[03:00:32] [Render thread/INFO]: EuphoriaPatcher: Added Euphoria Patches defines to Iris
[03:00:33] [Render thread/INFO]: Profile: POTATO (+3 options changed by user)
[03:00:34] [Render thread/INFO]: Using shaderpack: ComplementaryReimagined_r5.9.3 + EuphoriaPatches_1.10.5
[03:00:34] [Render thread/INFO]: AsyncParticles will cancel some of its mixins to achieve specific functions, so you can ignore the related Mixinsquared-canceller warnings below.
[03:00:34] [Render thread/INFO]: [B100Lib] 29 Translation keys
[03:00:34] [Render thread/INFO]: Initializing ImmediatelyFast 1.17.1+26.3 on NVIDIA GeForce RTX 5070 Laptop GPU/PCIe/SSE2 (NVIDIA Corporation) with OpenGL 3.3.0 NVIDIA 610.88
[03:00:34] [Render thread/INFO]: Using graphics backend OpenGL, using drivers: 3.3.0 NVIDIA 610.88
[03:00:34] [Render thread/INFO]: Using graphics device: NVIDIA GeForce RTX 5070 Laptop GPU/PCIe/SSE2 (NVIDIA Corporation)
[03:00:34] [Render thread/INFO]: Using graphics device extensions: GL_ARB_multi_draw_indirect, GL_ARB_shader_draw_parameters, GL_ARB_base_instance, GL_KHR_debug, GL_ARB_draw_indirect, GL_ARB_clip_control, GL_ARB_vertex_attrib_binding, GL_ARB_direct_state_access, GL_EXT_texture_filter_anisotropic
[03:00:34] [Render thread/INFO]: Modifying process environment to apply workarounds for the NVIDIA graphics driver...
[03:00:34] [Render thread/INFO]: Created window using SDL video driver: windows
[03:00:34] [Render thread/INFO]: Registered the GEO runtime pack with Minecraft's Fabric client pack repository.
[03:00:35] [Render thread/WARN]: Error reading pack metadata, attempting fallback type
com.google.gson.JsonParseException: Pack declares support for version newer than 64, but is missing mandatory fields min_format and max_format
	at knot//com.mojang.serialization.DataResult$Error.getOrThrow(DataResult.java:287)
	at knot//net.minecraft.server.packs.resources.ResourceMetadata$2.getSection(ResourceMetadata.java:40)
	at knot//net.minecraft.server.packs.AbstractPackMetadataResources.getMetadataSection(AbstractPackMetadataResources.java:26)
	at knot//net.minecraft.server.packs.repository.Pack.readPackMetadata(Pack.java:58)
	at knot//net.minecraft.server.packs.repository.Pack.readMetaAndCreate(Pack.java:43)
	at knot//net.minecraft.server.packs.repository.FolderRepositorySource.mixinextras$bridge$readMetaAndCreate$13(FolderRepositorySource.java)
	at knot//net.minecraft.server.packs.repository.FolderRepositorySource.wrapOperation$elf000$frozenlib$frozenLib$forceEnableFrozenLibPacks(FolderRepositorySource.java:549)
	at knot//net.minecraft.server.packs.repository.FolderRepositorySource.lambda$loadPacks$0(FolderRepositorySource.java:63)
	at knot//net.minecraft.server.packs.repository.FolderRepositorySource.discoverPacks(FolderRepositorySource.java:94)
	at knot//net.minecraft.server.packs.repository.FolderRepositorySource.loadPacks(FolderRepositorySource.java:59)
	at knot//net.minecraft.server.packs.repository.PackRepository.discoverAvailable(PackRepository.java:43)
	at knot//net.minecraft.server.packs.repository.PackRepository.reload(PackRepository.java:36)
	at knot//net.minecraft.client.Minecraft.<init>(Minecraft.java:605)
	at java.base/java.lang.Thread.run(Unknown Source)
[03:00:35] [Render thread/WARN]: Error reading pack metadata, attempting fallback type
com.google.gson.JsonParseException: Pack declares support for version newer than 64, but is missing mandatory fields min_format and max_format
	at knot//com.mojang.serialization.DataResult$Error.getOrThrow(DataResult.java:287)
	at knot//net.minecraft.server.packs.resources.ResourceMetadata$2.getSection(ResourceMetadata.java:40)
	at knot//net.minecraft.server.packs.AbstractPackMetadataResources.getMetadataSection(AbstractPackMetadataResources.java:26)
	at knot//net.minecraft.server.packs.repository.Pack.readPackMetadata(Pack.java:58)
	at knot//net.minecraft.server.packs.repository.Pack.readMetaAndCreate(Pack.java:43)
	at knot//net.minecraft.server.packs.repository.FolderRepositorySource.mixinextras$bridge$readMetaAndCreate$13(FolderRepositorySource.java)
	at knot//net.minecraft.server.packs.repository.FolderRepositorySource.wrapOperation$elf000$frozenlib$frozenLib$forceEnableFrozenLibPacks(FolderRepositorySource.java:549)
	at knot//net.minecraft.server.packs.repository.FolderRepositorySource.lambda$loadPacks$0(FolderRepositorySource.java:63)
	at knot//net.minecraft.server.packs.repository.FolderRepositorySource.discoverPacks(FolderRepositorySource.java:94)
	at knot//net.minecraft.server.packs.repository.FolderRepositorySource.loadPacks(FolderRepositorySource.java:59)
	at knot//net.minecraft.server.packs.repository.PackRepository.discoverAvailable(PackRepository.java:43)
	at knot//net.minecraft.server.packs.repository.PackRepository.reload(PackRepository.java:36)
	at knot//net.minecraft.client.Minecraft.<init>(Minecraft.java:605)
	at java.base/java.lang.Thread.run(Unknown Source)
[03:00:35] [Render thread/WARN]: Error reading pack metadata, attempting fallback type
com.google.gson.JsonParseException: Pack declares support for version newer than 64, but is missing mandatory fields min_format and max_format
	at knot//com.mojang.serialization.DataResult$Error.getOrThrow(DataResult.java:287)
	at knot//net.minecraft.server.packs.resources.ResourceMetadata$2.getSection(ResourceMetadata.java:40)
	at knot//net.minecraft.server.packs.AbstractPackMetadataResources.getMetadataSection(AbstractPackMetadataResources.java:26)
	at knot//net.minecraft.server.packs.repository.Pack.readPackMetadata(Pack.java:58)
	at knot//net.minecraft.server.packs.repository.Pack.readMetaAndCreate(Pack.java:43)
	at knot//net.minecraft.server.packs.repository.FolderRepositorySource.mixinextras$bridge$readMetaAndCreate$13(FolderRepositorySource.java)
	at knot//net.minecraft.server.packs.repository.FolderRepositorySource.wrapOperation$elf000$frozenlib$frozenLib$forceEnableFrozenLibPacks(FolderRepositorySource.java:549)
	at knot//net.minecraft.server.packs.repository.FolderRepositorySource.lambda$loadPacks$0(FolderRepositorySource.java:63)
	at knot//net.minecraft.server.packs.repository.FolderRepositorySource.discoverPacks(FolderRepositorySource.java:94)
	at knot//net.minecraft.server.packs.repository.FolderRepositorySource.loadPacks(FolderRepositorySource.java:59)
	at knot//net.minecraft.server.packs.repository.PackRepository.discoverAvailable(PackRepository.java:43)
	at knot//net.minecraft.server.packs.repository.PackRepository.reload(PackRepository.java:36)
	at knot//net.minecraft.client.Minecraft.<init>(Minecraft.java:605)
	at java.base/java.lang.Thread.run(Unknown Source)
[03:00:35] [Render thread/WARN]: Error reading pack metadata, attempting fallback type
com.google.gson.JsonParseException: Pack declares support for version newer than 64, but is missing mandatory fields min_format and max_format
	at knot//com.mojang.serialization.DataResult$Error.getOrThrow(DataResult.java:287)
	at knot//net.minecraft.server.packs.resources.ResourceMetadata$2.getSection(ResourceMetadata.java:40)
	at knot//net.minecraft.server.packs.AbstractPackMetadataResources.getMetadataSection(AbstractPackMetadataResources.java:26)
	at knot//net.minecraft.server.packs.repository.Pack.readPackMetadata(Pack.java:58)
	at knot//net.minecraft.server.packs.repository.Pack.readMetaAndCreate(Pack.java:43)
	at knot//net.minecraft.server.packs.repository.FolderRepositorySource.mixinextras$bridge$readMetaAndCreate$13(FolderRepositorySource.java)
	at knot//net.minecraft.server.packs.repository.FolderRepositorySource.wrapOperation$elf000$frozenlib$frozenLib$forceEnableFrozenLibPacks(FolderRepositorySource.java:549)
	at knot//net.minecraft.server.packs.repository.FolderRepositorySource.lambda$loadPacks$0(FolderRepositorySource.java:63)
	at knot//net.minecraft.server.packs.repository.FolderRepositorySource.discoverPacks(FolderRepositorySource.java:94)
	at knot//net.minecraft.server.packs.repository.FolderRepositorySource.loadPacks(FolderRepositorySource.java:59)
	at knot//net.minecraft.server.packs.repository.PackRepository.discoverAvailable(PackRepository.java:43)
	at knot//net.minecraft.server.packs.repository.PackRepository.reload(PackRepository.java:36)
	at knot//net.minecraft.client.Minecraft.<init>(Minecraft.java:605)
	at java.base/java.lang.Thread.run(Unknown Source)
[03:00:35] [Render thread/WARN]: Error reading pack metadata, attempting fallback type
com.google.gson.JsonParseException: Pack declares support for version newer than 64, but is missing mandatory fields min_format and max_format
	at knot//com.mojang.serialization.DataResult$Error.getOrThrow(DataResult.java:287)
	at knot//net.minecraft.server.packs.resources.ResourceMetadata$2.getSection(ResourceMetadata.java:40)
	at knot//net.minecraft.server.packs.AbstractPackMetadataResources.getMetadataSection(AbstractPackMetadataResources.java:26)
	at knot//net.minecraft.server.packs.repository.Pack.readPackMetadata(Pack.java:58)
	at knot//net.minecraft.server.packs.repository.Pack.readMetaAndCreate(Pack.java:43)
	at knot//net.minecraft.server.packs.repository.FolderRepositorySource.mixinextras$bridge$readMetaAndCreate$13(FolderRepositorySource.java)
	at knot//net.minecraft.server.packs.repository.FolderRepositorySource.wrapOperation$elf000$frozenlib$frozenLib$forceEnableFrozenLibPacks(FolderRepositorySource.java:549)
	at knot//net.minecraft.server.packs.repository.FolderRepositorySource.lambda$loadPacks$0(FolderRepositorySource.java:63)
	at knot//net.minecraft.server.packs.repository.FolderRepositorySource.discoverPacks(FolderRepositorySource.java:94)
	at knot//net.minecraft.server.packs.repository.FolderRepositorySource.loadPacks(FolderRepositorySource.java:59)
	at knot//net.minecraft.server.packs.repository.PackRepository.discoverAvailable(PackRepository.java:43)
	at knot//net.minecraft.server.packs.repository.PackRepository.reload(PackRepository.java:36)
	at knot//net.minecraft.client.Minecraft.<init>(Minecraft.java:605)
	at java.base/java.lang.Thread.run(Unknown Source)
[03:00:35] [Render thread/WARN]: Error reading pack metadata, attempting fallback type
com.google.gson.JsonParseException: Pack declares support for version newer than 64, but is missing mandatory fields min_format and max_format
	at knot//com.mojang.serialization.DataResult$Error.getOrThrow(DataResult.java:287)
	at knot//net.minecraft.server.packs.resources.ResourceMetadata$2.getSection(ResourceMetadata.java:40)
	at knot//net.minecraft.server.packs.AbstractPackMetadataResources.getMetadataSection(AbstractPackMetadataResources.java:26)
	at knot//net.minecraft.server.packs.repository.Pack.readPackMetadata(Pack.java:58)
	at knot//net.minecraft.server.packs.repository.Pack.readMetaAndCreate(Pack.java:43)
	at knot//net.minecraft.server.packs.repository.FolderRepositorySource.mixinextras$bridge$readMetaAndCreate$13(FolderRepositorySource.java)
	at knot//net.minecraft.server.packs.repository.FolderRepositorySource.wrapOperation$elf000$frozenlib$frozenLib$forceEnableFrozenLibPacks(FolderRepositorySource.java:549)
	at knot//net.minecraft.server.packs.repository.FolderRepositorySource.lambda$loadPacks$0(FolderRepositorySource.java:63)
	at knot//net.minecraft.server.packs.repository.FolderRepositorySource.discoverPacks(FolderRepositorySource.java:94)
	at knot//net.minecraft.server.packs.repository.FolderRepositorySource.loadPacks(FolderRepositorySource.java:59)
	at knot//net.minecraft.server.packs.repository.PackRepository.discoverAvailable(PackRepository.java:43)
	at knot//net.minecraft.server.packs.repository.PackRepository.reload(PackRepository.java:36)
	at knot//net.minecraft.client.Minecraft.<init>(Minecraft.java:605)
	at java.base/java.lang.Thread.run(Unknown Source)
[03:00:35] [Render thread/WARN]: Error reading pack metadata, attempting fallback type
com.google.gson.JsonParseException: Pack declares support for version newer than 64, but is missing mandatory fields min_format and max_format
	at knot//com.mojang.serialization.DataResult$Error.getOrThrow(DataResult.java:287)
	at knot//net.minecraft.server.packs.resources.ResourceMetadata$2.getSection(ResourceMetadata.java:40)
	at knot//net.minecraft.server.packs.AbstractPackMetadataResources.getMetadataSection(AbstractPackMetadataResources.java:26)
	at knot//net.minecraft.server.packs.repository.Pack.readPackMetadata(Pack.java:58)
	at knot//net.minecraft.server.packs.repository.Pack.readMetaAndCreate(Pack.java:43)
	at knot//net.minecraft.server.packs.repository.FolderRepositorySource.mixinextras$bridge$readMetaAndCreate$13(FolderRepositorySource.java)
	at knot//net.minecraft.server.packs.repository.FolderRepositorySource.wrapOperation$elf000$frozenlib$frozenLib$forceEnableFrozenLibPacks(FolderRepositorySource.java:549)
	at knot//net.minecraft.server.packs.repository.FolderRepositorySource.lambda$loadPacks$0(FolderRepositorySource.java:63)
	at knot//net.minecraft.server.packs.repository.FolderRepositorySource.discoverPacks(FolderRepositorySource.java:94)
	at knot//net.minecraft.server.packs.repository.FolderRepositorySource.loadPacks(FolderRepositorySource.java:59)
	at knot//net.minecraft.server.packs.repository.PackRepository.discoverAvailable(PackRepository.java:43)
	at knot//net.minecraft.server.packs.repository.PackRepository.reload(PackRepository.java:36)
	at knot//net.minecraft.client.Minecraft.<init>(Minecraft.java:605)
	at java.base/java.lang.Thread.run(Unknown Source)
[03:00:35] [Render thread/WARN]: Error reading pack metadata, attempting fallback type
com.google.gson.JsonParseException: Pack declares support for version newer than 64, but is missing mandatory fields min_format and max_format
	at knot//com.mojang.serialization.DataResult$Error.getOrThrow(DataResult.java:287)
	at knot//net.minecraft.server.packs.resources.ResourceMetadata$2.getSection(ResourceMetadata.java:40)
	at knot//net.minecraft.server.packs.AbstractPackMetadataResources.getMetadataSection(AbstractPackMetadataResources.java:26)
	at knot//net.minecraft.server.packs.repository.Pack.readPackMetadata(Pack.java:58)
	at knot//net.minecraft.server.packs.repository.Pack.readMetaAndCreate(Pack.java:43)
	at knot//net.minecraft.server.packs.repository.FolderRepositorySource.mixinextras$bridge$readMetaAndCreate$13(FolderRepositorySource.java)
	at knot//net.minecraft.server.packs.repository.FolderRepositorySource.wrapOperation$elf000$frozenlib$frozenLib$forceEnableFrozenLibPacks(FolderRepositorySource.java:549)
	at knot//net.minecraft.server.packs.repository.FolderRepositorySource.lambda$loadPacks$0(FolderRepositorySource.java:63)
	at knot//net.minecraft.server.packs.repository.FolderRepositorySource.discoverPacks(FolderRepositorySource.java:94)
	at knot//net.minecraft.server.packs.repository.FolderRepositorySource.loadPacks(FolderRepositorySource.java:59)
	at knot//net.minecraft.server.packs.repository.PackRepository.discoverAvailable(PackRepository.java:43)
	at knot//net.minecraft.server.packs.repository.PackRepository.reload(PackRepository.java:36)
	at knot//net.minecraft.client.Minecraft.<init>(Minecraft.java:605)
	at java.base/java.lang.Thread.run(Unknown Source)
[03:00:35] [Render thread/WARN]: Error reading pack metadata, attempting fallback type
com.google.gson.JsonParseException: Pack declares support for version newer than 64, but is missing mandatory fields min_format and max_format
	at knot//com.mojang.serialization.DataResult$Error.getOrThrow(DataResult.java:287)
	at knot//net.minecraft.server.packs.resources.ResourceMetadata$2.getSection(ResourceMetadata.java:40)
	at knot//net.minecraft.server.packs.AbstractPackMetadataResources.getMetadataSection(AbstractPackMetadataResources.java:26)
	at knot//net.minecraft.server.packs.repository.Pack.readPackMetadata(Pack.java:58)
	at knot//net.minecraft.server.packs.repository.Pack.readMetaAndCreate(Pack.java:43)
	at knot//net.minecraft.server.packs.repository.FolderRepositorySource.mixinextras$bridge$readMetaAndCreate$13(FolderRepositorySource.java)
	at knot//net.minecraft.server.packs.repository.FolderRepositorySource.wrapOperation$elf000$frozenlib$frozenLib$forceEnableFrozenLibPacks(FolderRepositorySource.java:549)
	at knot//net.minecraft.server.packs.repository.FolderRepositorySource.lambda$loadPacks$0(FolderRepositorySource.java:63)
	at knot//net.minecraft.server.packs.repository.FolderRepositorySource.discoverPacks(FolderRepositorySource.java:94)
	at knot//net.minecraft.server.packs.repository.FolderRepositorySource.loadPacks(FolderRepositorySource.java:59)
	at knot//net.minecraft.server.packs.repository.PackRepository.discoverAvailable(PackRepository.java:43)
	at knot//net.minecraft.server.packs.repository.PackRepository.reload(PackRepository.java:36)
	at knot//net.minecraft.client.Minecraft.<init>(Minecraft.java:605)
	at java.base/java.lang.Thread.run(Unknown Source)
[03:00:35] [Render thread/WARN]: Error reading pack metadata, attempting fallback type
com.google.gson.JsonParseException: Pack declares support for version newer than 64, but is missing mandatory fields min_format and max_format
	at knot//com.mojang.serialization.DataResult$Error.getOrThrow(DataResult.java:287)
	at knot//net.minecraft.server.packs.resources.ResourceMetadata$2.getSection(ResourceMetadata.java:40)
	at knot//net.minecraft.server.packs.AbstractPackMetadataResources.getMetadataSection(AbstractPackMetadataResources.java:26)
	at knot//net.minecraft.server.packs.repository.Pack.readPackMetadata(Pack.java:58)
	at knot//net.minecraft.server.packs.repository.Pack.readMetaAndCreate(Pack.java:43)
	at knot//net.minecraft.server.packs.repository.FolderRepositorySource.mixinextras$bridge$readMetaAndCreate$13(FolderRepositorySource.java)
	at knot//net.minecraft.server.packs.repository.FolderRepositorySource.wrapOperation$elf000$frozenlib$frozenLib$forceEnableFrozenLibPacks(FolderRepositorySource.java:549)
	at knot//net.minecraft.server.packs.repository.FolderRepositorySource.lambda$loadPacks$0(FolderRepositorySource.java:63)
	at knot//net.minecraft.server.packs.repository.FolderRepositorySource.discoverPacks(FolderRepositorySource.java:94)
	at knot//net.minecraft.server.packs.repository.FolderRepositorySource.loadPacks(FolderRepositorySource.java:59)
	at knot//net.minecraft.server.packs.repository.PackRepository.discoverAvailable(PackRepository.java:43)
	at knot//net.minecraft.server.packs.repository.PackRepository.reload(PackRepository.java:36)
	at knot//net.minecraft.client.Minecraft.<init>(Minecraft.java:605)
	at java.base/java.lang.Thread.run(Unknown Source)
[03:00:35] [Render thread/WARN]: Error reading pack metadata, attempting fallback type
com.google.gson.JsonParseException: Pack declares support for version newer than 64, but is missing mandatory fields min_format and max_format
	at knot//com.mojang.serialization.DataResult$Error.getOrThrow(DataResult.java:287)
	at knot//net.minecraft.server.packs.resources.ResourceMetadata$2.getSection(ResourceMetadata.java:40)
	at knot//net.minecraft.server.packs.AbstractPackMetadataResources.getMetadataSection(AbstractPackMetadataResources.java:26)
	at knot//net.minecraft.server.packs.repository.Pack.readPackMetadata(Pack.java:58)
	at knot//net.minecraft.server.packs.repository.Pack.readMetaAndCreate(Pack.java:43)
	at knot//net.minecraft.server.packs.repository.FolderRepositorySource.mixinextras$bridge$readMetaAndCreate$13(FolderRepositorySource.java)
	at knot//net.minecraft.server.packs.repository.FolderRepositorySource.wrapOperation$elf000$frozenlib$frozenLib$forceEnableFrozenLibPacks(FolderRepositorySource.java:549)
	at knot//net.minecraft.server.packs.repository.FolderRepositorySource.lambda$loadPacks$0(FolderRepositorySource.java:63)
	at knot//net.minecraft.server.packs.repository.FolderRepositorySource.discoverPacks(FolderRepositorySource.java:94)
	at knot//net.minecraft.server.packs.repository.FolderRepositorySource.loadPacks(FolderRepositorySource.java:59)
	at knot//net.minecraft.server.packs.repository.PackRepository.discoverAvailable(PackRepository.java:43)
	at knot//net.minecraft.server.packs.repository.PackRepository.reload(PackRepository.java:36)
	at knot//net.minecraft.client.Minecraft.<init>(Minecraft.java:605)
	at java.base/java.lang.Thread.run(Unknown Source)
[03:00:35] [Render thread/INFO]: Refreshed GEO's client-startup availability snapshot after late registry registration: 27/4823 -> 27/4823 registry-backed entries present.
[03:00:35] [Render thread/INFO]: GEO runtime pack contains 1 namespaces, 27 enabled entries, 27 glowing entries, 0 user-pack overrides, 139 files, and 0 active fallback files.
[03:00:35] [Render thread/WARN]: Non [a-z0-9_.-] character in namespace .DS_Store in pack createful_plaques-2.0.zip@43d9cf0a, ignoring
[03:00:35] [Render thread/WARN]: Non [a-z0-9_.-] character in namespace ._LICENSE in pack createful_plaques-2.0.zip@43d9cf0a, ignoring
[03:00:35] [Thread-8/ERROR]: Uncaught exception in thread "Thread-8"
java.lang.NullPointerException: Cannot invoke "net.minecraft.client.gui.Gui.screen()" because "online.carteris.hot_reload_resource_packs.HotReloader.minecraft_client.gui" is null
	at knot//online.carteris.hot_reload_resource_packs.HotReloader.watchFileEvents(HotReloader.java:82)
	at knot//online.carteris.hot_reload_resource_packs.HotReloader.run(HotReloader.java:45)
[03:00:35] [Render thread/INFO]: [ETF]: emissive suffixes loaded: [_e]
[03:00:36] [Render thread/WARN]: Cancelled mixin fun.qu_an.minecraft.asyncparticles.client.mixin.conditional.MixinParticles_LightCacheNoRefresh. Check debug logs for more information.
[03:00:36] [Render thread/WARN]: Cancelled mixin fun.qu_an.minecraft.asyncparticles.client.mixin.conditional.MixinParticles_LightCacheNoRefresh. Check debug logs for more information.
[03:00:36] [Render thread/WARN]: Cancelled mixin fun.qu_an.minecraft.asyncparticles.client.mixin.conditional.MixinParticles_LightCacheNoRefresh. Check debug logs for more information.
[03:00:36] [Render thread/WARN]: Cancelled mixin fun.qu_an.minecraft.asyncparticles.client.mixin.conditional.MixinParticles_LightCacheNoRefresh. Check debug logs for more information.
[03:00:36] [Render thread/WARN]: Cancelled mixin fun.qu_an.minecraft.asyncparticles.client.mixin.conditional.MixinParticles_LightCacheNoRefresh. Check debug logs for more information.
[03:00:36] [Render thread/WARN]: Cancelled mixin fun.qu_an.minecraft.asyncparticles.client.mixin.conditional.MixinParticles_LightCacheNoRefresh. Check debug logs for more information.
[03:00:36] [Render thread/WARN]: Cancelled mixin fun.qu_an.minecraft.asyncparticles.client.mixin.conditional.MixinAsyncTick_AsyncTickableParticleGroup. Check debug logs for more information.
[03:00:36] [Render thread/WARN]: Cancelled mixin fun.qu_an.minecraft.asyncparticles.client.mixin.conditional.MixinAsyncTick_AsyncTickableParticleGroup. Check debug logs for more information.
[03:00:36] [Render thread/WARN]: Cancelled mixin fun.qu_an.minecraft.asyncparticles.client.mixin.conditional.MixinAsyncTick_AsyncTickableParticleGroup. Check debug logs for more information.
[03:00:36] [Render thread/INFO]: Hardware information:
[03:00:36] [Render thread/INFO]: CPU: 32x Intel(R) Core(TM) i9-14900HX
[03:00:36] [Render thread/INFO]: GPU: NVIDIA GeForce RTX 5070 Laptop GPU/PCIe/SSE2 (Supports OpenGL 3.3.0 NVIDIA 610.88)
[03:00:36] [Render thread/INFO]: OS: Windows 11 (10.0)
[03:00:37] [Render thread/WARN]: Non [a-z0-9_.-] character in namespace .DS_Store in pack createful_plaques-2.0.zip@344faa23, ignoring
[03:00:37] [Render thread/WARN]: Non [a-z0-9_.-] character in namespace ._LICENSE in pack createful_plaques-2.0.zip@344faa23, ignoring
[03:00:37] [Render thread/INFO]: Reloading ResourceManager: vanilla, vanilla, advancementplaques, afkcinematics, animated-mojang-logo, animatica, appleskin, ar1-animated-typing, armor-indicator, async-pack-scan, asyncparticles, authme, autofish, b100lib, badoptimizations, baguettelib, balm, bathymetry, bedrock_hotbar, bedrockskins, betteradvancements, betterbiomeblend, bettercombat, bettercommandblockui, betterrenderdistance, betterresolution, boatiview, breakfree, cameraoverhaul, cbbg, chat_heads, chatanimation, chesttracker, chiseledbookshelfvisualizer, chunksfadein, cicada, cinematiczoom, classic_minecraft_icon, clickthrough, clientmovement, clientsidenoteblocks, clienttweaks, cloth-config, collective, com_viaversion_viaaprilfools-common, com_viaversion_viabackwards-common, com_viaversion_viaversion-common, compacting, conditional-mixin, continuity, controlling, coolrain, craft_config, craterlib, creativecore, culldisplayentities, dark-loading-screen, debugify, deleteworldstotrash, dense-flowers, detailabreconst, dinged, do_a_barrel_roll, dualbar, durabilitytooltip, dynamic-fullbright, dynamiccrosshair, dynamiccrosshair-api, easegui, eclipseui, effectinsights, eg_entity_outlines, eg_particle_interactions, elytra_physics, elytratrails, emlib, enchanted_fishing_line, enchanteds_sodium_options, enhancedbiomemusic, entity_model_features, entity_sound_features, entity_texture_features, entityculling, eslium, euphoria_patcher, fabric-advancement-api-v1, fabric-api, fabric-api-base, fabric-api-lookup-api-v1, fabric-biome-api-v1, fabric-block-api-v1, fabric-block-getter-api-v2, fabric-command-api-v2, fabric-content-registries-v0, fabric-convention-tags-v2, fabric-crash-report-info-v1, fabric-creative-tab-api-v1, fabric-data-attachment-api-v1, fabric-data-generation-api-v1, fabric-debug-api-v1, fabric-dimensions-v1, fabric-entity-events-v1, fabric-events-interaction-v0, fabric-game-rule-api-v1, fabric-item-api-v1, fabric-key-binding-api-v1, fabric-key-mapping-api-v1, fabric-language-kotlin, fabric-lifecycle-events-v1, fabric-loot-api-v3, fabric-menu-api-v1, fabric-message-api-v1, fabric-model-loading-api-v1, fabric-networking-api-v1, fabric-object-builder-api-v1, fabric-particles-v1, fabric-permission-api-v1, fabric-recipe-api-v1, fabric-registry-sync-v0, fabric-renderer-api-v1, fabric-renderer-indigo, fabric-rendering-fluids-v1, fabric-rendering-v1, fabric-resource-conditions-api-v1, fabric-resource-loader-v0, fabric-resource-loader-v1, fabric-screen-api-v1, fabric-serialization-api-v1, fabric-sound-api-v1, fabric-tag-api-v1, fabric-transfer-api-v1, fabric-transitive-access-wideners-v1, fabricloader, fastquit, fishing_ruler, fog, forgeconfigapiport, fps-sync, frozenlib, fullscreenfix, fwa, geo_mod, geo_mod_impl, ghastcontrols, glowing-trims, gnetum, greedy_meshing, hot_reload_resource_packs, hotbarlagfixer, hotbarslotcycling, idontwannascrollagain, immediatelyfast, immersive-hotbar, imprint, inventory_interactions, inventory_item_groups, inventory_particles, inventoryprofilesnext, invmove, iris, iris_search, jackfredlib, jackfredlib-base, jackfredlib-colour, jackfredlib-extracommandsourcedata, jackfredlib-gps, jackfredlib-lying, jackfredlib-toasts, jade, jeb, keepsneak, kirin, krypton, kuma_api, lambdynlights, lambdynlights_api, leadphysics, libbamboo, libipn, libjf, libjf-config-core-v2, libjf-config-network-v0, libjf-config-ui-tiny, libjf-data-v0, libjf-translate-v1, libjf-web-v1, lilylib, lithium, make_bubbles_pop, mc2_interactivefoliage, midnightlib, modernfix, modmenu, monsters_in_the_closet_reborn, morechathistory, moreculling, mossylib, motionblurplus, mountopacity, multi-key-bindings, my_totem_doll, neobeefix, net_raphimc_vialegacy, nice_boat, nondirectionaldamagetiltfix, notenoughanimations, nvidium, opentogether, optigui, optimalaim, optis, orthocamera, oxidizium_base, oxidizium_panama, particletweaks, pas, pingview, placeholder-api, planeadvancements, player_animation_library, presencefootsteps, pride, ptp, punchy, puzzle, quick-pack, real-arrow-tip, resclone, resourcefulconfig, resourcepackchecker, resourcepackoverrides, resourcify, respackopts, rowglide, scalablelux, searchables, shouldersurfing, shulkerboxtooltip, simplerpc, smartblockplacement, smooth_hover, smoothskies, smoothswapping, smoothtexturefix, sodium, sodium-extra, sodiumextrainformation, sound_physics_remastered, soundculling, spatial-gui, spatialhud, spruceui, sspb, status-effect-bars, stew-detective, stfu, stupid-block-animations, sulfurcubefaces, technomodel, telepistons, ticksync, tightfire, timelesslib, tlib, tooltipinsights, tooltipscroll, trender, universalsettings, vectorientation, viafabricplus, visibletraders, visuality, voidfog, wcifs, whereisit, windy, xaerolib, xaerominimap, xaeroworldmap, yet_another_config_lib_v3, yosbr, chesttracker:darkmode_texture, elytratrails:allaytrails, elytratrails:arrowtrails, elytratrails:xptrails, file/3D_Rails_v1.0.1.zip, file/Cubic Leaves 2.4 (performance).zip, file/Default-Dark-Mode-26.3-2026.9.0.zip, file/Default-Dark-Mode-Expansion-1.19.0+-2026.9.1.zip, file/Drigo 3D Lantern's x Punchy.zip, file/FA+Creepers-v2.1.zip, file/FA+Details-v2.3.zip, file/FA+Emissive-v1.6.zip, file/FA+Quivers-v2.2.zip, file/FA+Spiders-v2.2.zip, file/Fresh Buckets.zip, file/Fresh Flowers and Plants.zip, file/Fresh Food.zip, file/Fresh Music Discs.zip, file/Fresh Ores and Ingots.zip, file/FreshAnimations_v1.10.5.zip, file/Fyoncle's 3D Trims.zip, file/createful_plaques-2.0.zip, file/cubic-sun-moon-v1.8.5.zip, file/macebut3d-1.0.1.zip, file/trabens-3d-arrows-1.2.zip, file/§2Drodi's Villagers FA [V2.8.2] - 1.20.1.zip, file/§4Drodi's Blazes FA [V1.2].zip, file/§4Drodi's Blazes [V1.4.1].zip, file/§4Drodi's Illagers [v5.3.2].zip, file/§4Drodi's Slimes FA [V1.1].zip, file/§6Drodi's Villagers [V2.8.1].zip, file/§9Drodi's Illagers x FA [v5.2].zip, file/§aBetter Fresher 3D Books v1.5.1.zip, file/§aDrodi's Slimes [V1.3].zip, pas:3d_items_player_like, punchy:punchy, telepistons:enable_steam, telepistons:sticky_sides, geo_mod/runtime, file/Fancy Crops v1.3.zip, file/A Good Place Sample Pack.zip, file/Fresh Food punchy fix.zip, file/Punchy 1.19.zip, file/HyperPunchy-v2.5+.zip, file/§6Drodi's Shield [V2.2].zip, continuity:default, continuity:glass_pane_culling_fix
[03:00:38] [Worker-ResourceReload-19/INFO]: Found unifont_jp_patch-17.0.01.hex, loading
[03:00:38] [Worker-ResourceReload-12/WARN]: [ETF]: config.entity_texture_features.illegal_path_warn [textures/item/eatinganimation/poisonous_potato/poisonous_potato_eat_1 copy.png]
[03:00:38] [Worker-ResourceReload-12/WARN]: [ETF]: config.entity_texture_features.illegal_path_warn [textures/item/eatinganimation/poisonous_potato/poisonous_potato_eat_1 copy.png.rpo]
[03:00:38] [Worker-ResourceReload-22/INFO]: Found unifont_pua-17.0.01.hex, loading
[03:00:38] [Worker-ResourceReload-12/WARN]: [ETF]: config.entity_texture_features.illegal_path_warn [textures/item/eatinganimation/poisonous_potato/poisonous_potato_eat_1 copy.png.mcmeta]
[03:00:38] [Worker-ResourceReload-12/WARN]: [ETF]: config.entity_texture_features.illegal_path_warn [eatinganimation/poisonous_potato/poisonous_potato_eat_1 copy]
[03:00:38] [Worker-ResourceReload-12/WARN]: [ETF]: config.entity_texture_features.illegal_path_warn [item/eatinganimation/poisonous_potato/poisonous_potato_eat_1 copy]
[03:00:38] [Render thread/ERROR]: Could not evaluate condition for assets/minecraft/textures/particle/glowing_firefly.png (pack: file/Fresh Flowers and Plants.zip): Could not evaluate Variable: Variable FreshFlowersAndPlants not found
[03:00:38] [Render thread/ERROR]: Could not evaluate condition for assets/minecraft/textures/particle/glowing_firefly.png (pack: file/Fresh Flowers and Plants.zip): Could not evaluate Variable: Variable FreshFlowersAndPlants not found
[03:00:38] [Render thread/ERROR]: Could not evaluate condition for assets/minecraft/textures/particle/glowing_firefly.png (pack: file/Fresh Flowers and Plants.zip): Could not evaluate Variable: Variable FreshFlowersAndPlants not found
[03:00:38] [Render thread/ERROR]: Could not evaluate condition for assets/minecraft/textures/particle/glowing_firefly.png (pack: file/Fresh Flowers and Plants.zip): Could not evaluate Variable: Variable FreshFlowersAndPlants not found
[03:00:38] [Render thread/ERROR]: Could not evaluate condition for assets/minecraft/textures/particle/glowing_firefly.png (pack: file/Fresh Flowers and Plants.zip): Could not evaluate Variable: Variable FreshFlowersAndPlants not found
[03:00:38] [Worker-ResourceReload-23/ERROR]: Could not evaluate condition for assets/minecraft/items/copper_pickaxe.json (pack: file/Fresh Buckets.zip): Could not evaluate Variable: Variable enchantmentOutlines not found
[03:00:38] [Worker-ResourceReload-2/ERROR]: Could not evaluate condition for assets/minecraft/textures/particle/glowing_firefly.png (pack: file/Fresh Flowers and Plants.zip): Could not evaluate Variable: Variable FreshFlowersAndPlants not found
[03:00:38] [Worker-ResourceReload-2/ERROR]: Could not evaluate condition for assets/minecraft/textures/particle/glowing_firefly.png (pack: file/Fresh Flowers and Plants.zip): Could not evaluate Variable: Variable FreshFlowersAndPlants not found
[03:00:39] [Render thread/WARN]: [ETF]: config.entity_texture_features.illegal_path_warn [textures/gui/container/alchemist_table.png~]
[03:00:39] [Worker-ResourceReload-2/ERROR]: Could not evaluate condition for assets/minecraft/textures/particle/glowing_firefly.png (pack: file/Fresh Flowers and Plants.zip): Could not evaluate Variable: Variable FreshFlowersAndPlants not found
[03:00:39] [Worker-ResourceReload-2/ERROR]: Could not evaluate condition for assets/minecraft/textures/particle/glowing_firefly.png (pack: file/Fresh Flowers and Plants.zip): Could not evaluate Variable: Variable FreshFlowersAndPlants not found
[03:00:39] [Worker-ResourceReload-2/ERROR]: Could not evaluate condition for assets/minecraft/textures/particle/glowing_firefly.png (pack: file/Fresh Flowers and Plants.zip): Could not evaluate Variable: Variable FreshFlowersAndPlants not found
[03:00:39] [Worker-ResourceReload-29/WARN]: [ETF]: config.entity_texture_features.illegal_path_warn [models/item/flower_block_template copy.json]
[03:00:39] [Worker-ResourceReload-29/WARN]: [ETF]: config.entity_texture_features.illegal_path_warn [models/item/flower_block_template copy.json.rpo]
[03:00:39] [Worker-ResourceReload-23/ERROR]: Could not evaluate condition for assets/minecraft/items/copper_pickaxe.json (pack: file/Fresh Buckets.zip): Could not evaluate Variable: Variable enchantmentOutlines not found
[03:00:39] [Worker-ResourceReload-23/ERROR]: Could not evaluate condition for assets/minecraft/items/copper_pickaxe.json (pack: file/Fresh Buckets.zip): Could not evaluate Variable: Variable enchantmentOutlines not found
[03:00:39] [Worker-ResourceReload-23/ERROR]: Could not evaluate condition for assets/minecraft/items/copper_pickaxe.json (pack: file/Fresh Flowers and Plants.zip): Could not evaluate Variable: Variable enchantmentOutlines not found
[03:00:39] [Worker-ResourceReload-29/WARN]: [ETF]: config.entity_texture_features.illegal_path_warn [models/item/flower_block_template copy.json.mcmeta]
[03:00:39] [Worker-ResourceReload-19/INFO]: Found unifont_all_no_pua-17.0.01.hex, loading
[03:00:39] [Render thread/INFO]: Thread[#136,Render thread,8,main]
[03:00:39] [Render thread/INFO]: OpenGL Vendor: NVIDIA Corporation
[03:00:39] [Render thread/INFO]: OpenGL Renderer: NVIDIA GeForce RTX 5070 Laptop GPU/PCIe/SSE2
[03:00:39] [Render thread/INFO]: OpenGL Version: 3.3.0 NVIDIA 610.88
[03:00:39] [Render thread/INFO]: Modifying OpenGL context to apply workarounds for the NVIDIA graphics driver...
[03:00:39] [Render thread/INFO]: Enabling GL_DEBUG_OUTPUT_SYNCHRONOUS to force the NVIDIA driver to disable threaded command submission
[03:00:40] [Render thread/INFO]: Cached all modded block culling states
[03:00:40] [Render thread/INFO]: OptimalAim | Sootysplash was here
[03:00:40] [Render thread/INFO]: Registering plugin for Shoulder Surfing Reloaded (shouldersurfing)
[03:00:40] [Worker-ResourceReload-23/WARN]: [ETF]: config.entity_texture_features.illegal_path_warn [items/wildflowers copy.json]
[03:00:40] [Worker-ResourceReload-23/WARN]: [ETF]: config.entity_texture_features.illegal_path_warn [items/wildflowers copy.json.rpo]
[03:00:40] [Worker-ResourceReload-9/WARN]: [ETF]: config.entity_texture_features.illegal_path_warn [item/flower_block_template copy]
[03:00:41] [cbbg-stbn/INFO]: Valid STBN cache found for 128x128x64. Skipping math generation.
[03:00:41] [Worker-ResourceReload-23/ERROR]: Could not evaluate condition for assets/minecraft/items/copper_pickaxe.json (pack: file/Fresh Flowers and Plants.zip): Could not evaluate Variable: Variable enchantmentOutlines not found
[03:00:41] [Worker-ResourceReload-23/ERROR]: Could not evaluate condition for assets/minecraft/items/copper_pickaxe.json (pack: file/Fresh Flowers and Plants.zip): Could not evaluate Variable: Variable enchantmentOutlines not found
[03:00:41] [ForkJoinPool.commonPool-worker-1/INFO]: STBN Frames loaded from cache.
[03:00:41] [Worker-ResourceReload-10/WARN]: Unused frames in sprite minecraft:entity/conduit/wind: [22, 23, 24, 25, 26, 27, 28, 29, 30, 31]
[03:00:41] [Worker-ResourceReload-9/WARN]: Unused frames in sprite minecraft:entity/conduit/wind_vertical: [22, 23, 24, 25, 26, 27, 28, 29, 30, 31]
[03:00:41] [Worker-ResourceReload-23/ERROR]: Could not evaluate condition for assets/minecraft/items/copper_pickaxe.json (pack: file/Fresh Food.zip): Could not evaluate Variable: Variable enchantmentOutlines not found
[03:00:42] [Worker-ResourceReload-12/WARN]: [ETF]: config.entity_texture_features.illegal_path_warn [item/eatinganimation/poisonous_potato/poisonous_potato_eat_1 copy_e]
[03:00:42] [Worker-ResourceReload-12/WARN]: [ETF]: config.entity_texture_features.illegal_path_warn [textures/item/eatinganimation/poisonous_potato/poisonous_potato_eat_1 copy_e.png]
[03:00:42] [Worker-ResourceReload-12/WARN]: [ETF]: config.entity_texture_features.illegal_path_warn [textures/item/eatinganimation/poisonous_potato/poisonous_potato_eat_1 copy_e.png.rpo]
[03:00:42] [Worker-ResourceReload-12/ERROR]: Invalid path minecraft:textures/item/eatinganimation/poisonous_potato/poisonous_potato_eat_1 copy_e.png: Invalid segment 'poisonous_potato_eat_1 copy_e.png' in path 'textures/item/eatinganimation/poisonous_potato/poisonous_potato_eat_1 copy_e.png'
[03:00:42] [Worker-ResourceReload-12/ERROR]: Invalid path minecraft:textures/item/eatinganimation/poisonous_potato/poisonous_potato_eat_1 copy_e.png: Invalid segment 'poisonous_potato_eat_1 copy_e.png' in path 'textures/item/eatinganimation/poisonous_potato/poisonous_potato_eat_1 copy_e.png'
[03:00:42] [Worker-ResourceReload-23/ERROR]: Could not evaluate condition for assets/minecraft/items/copper_pickaxe.json (pack: file/Fresh Food.zip): Could not evaluate Variable: Variable enchantmentOutlines not found
[03:00:42] [Worker-ResourceReload-23/ERROR]: Could not evaluate condition for assets/minecraft/items/copper_pickaxe.json (pack: file/Fresh Food.zip): Could not evaluate Variable: Variable enchantmentOutlines not found
[03:00:42] [Worker-ResourceReload-23/ERROR]: Could not evaluate condition for assets/minecraft/items/copper_pickaxe.json (pack: file/Fresh Music Discs.zip): Could not evaluate Variable: Variable enchantmentOutlines not found
[03:00:42] [Worker-ResourceReload-20/WARN]: Unused frames in sprite minecraft:item/copper_ingot_3d: [17, 18]
[03:00:42] [Worker-ResourceReload-12/WARN]: Invalid frame index on sprite minecraft:item/gold_ingot_3d frame 19: 19
[03:00:42] [Worker-ResourceReload-12/WARN]: Invalid frame index on sprite minecraft:item/gold_ingot_3d frame 20: 20
[03:00:42] [Worker-ResourceReload-12/WARN]: Invalid frame index on sprite minecraft:item/gold_ingot_3d frame 21: 21
[03:00:42] [Worker-ResourceReload-27/WARN]: Invalid frame index on sprite minecraft:item/books_3d/metal_sparkle_effect frame 4: 4
[03:00:42] [Worker-ResourceReload-25/WARN]: Unused frames in sprite minecraft:item/shimmer_2_3d: [17]
[03:00:42] [Worker-ResourceReload-8/WARN]: Invalid frame index on sprite minecraft:item/netherite_ingot_3d frame 9: 1
[03:00:42] [Worker-ResourceReload-8/WARN]: Invalid frame index on sprite minecraft:item/netherite_ingot_3d frame 10: 2
[03:00:42] [Worker-ResourceReload-8/WARN]: Invalid frame index on sprite minecraft:item/netherite_ingot_3d frame 11: 3
[03:00:42] [Worker-ResourceReload-8/WARN]: Invalid frame index on sprite minecraft:item/netherite_ingot_3d frame 12: 4
[03:00:42] [Worker-ResourceReload-8/WARN]: Invalid frame index on sprite minecraft:item/netherite_ingot_3d frame 13: 5
[03:00:42] [Worker-ResourceReload-8/WARN]: Invalid frame index on sprite minecraft:item/netherite_ingot_3d frame 14: 6
[03:00:42] [Worker-ResourceReload-8/WARN]: Invalid frame index on sprite minecraft:item/netherite_ingot_3d frame 15: 7
[03:00:42] [Worker-ResourceReload-8/WARN]: Invalid frame index on sprite minecraft:item/netherite_ingot_3d frame 16: 8
[03:00:42] [Worker-ResourceReload-8/WARN]: Invalid frame index on sprite minecraft:item/netherite_ingot_3d frame 17: 9
[03:00:42] [Worker-ResourceReload-8/WARN]: Invalid frame index on sprite minecraft:item/netherite_ingot_3d frame 18: 10
[03:00:42] [Worker-ResourceReload-8/WARN]: Invalid frame index on sprite minecraft:item/netherite_ingot_3d frame 19: 11
[03:00:42] [Worker-ResourceReload-8/WARN]: Invalid frame index on sprite minecraft:item/netherite_ingot_3d frame 20: 12
[03:00:42] [Worker-ResourceReload-8/WARN]: Invalid frame index on sprite minecraft:item/netherite_ingot_3d frame 21: 13
[03:00:42] [Worker-ResourceReload-8/WARN]: Invalid frame index on sprite minecraft:item/netherite_ingot_3d frame 22: 14
[03:00:42] [Worker-ResourceReload-8/WARN]: Invalid frame index on sprite minecraft:item/netherite_ingot_3d frame 23: 15
[03:00:42] [Worker-ResourceReload-8/WARN]: Invalid frame index on sprite minecraft:item/netherite_ingot_3d frame 24: 16
[03:00:42] [Worker-ResourceReload-8/WARN]: Invalid frame index on sprite minecraft:item/netherite_ingot_3d frame 25: 17
[03:00:42] [Worker-ResourceReload-8/WARN]: Invalid frame index on sprite minecraft:item/netherite_ingot_3d frame 26: 18
[03:00:42] [Worker-ResourceReload-8/WARN]: Invalid frame index on sprite minecraft:item/netherite_ingot_3d frame 27: 19
[03:00:42] [Worker-ResourceReload-8/WARN]: Invalid frame index on sprite minecraft:item/netherite_ingot_3d frame 28: 20
[03:00:42] [Worker-ResourceReload-8/WARN]: Invalid frame index on sprite minecraft:item/netherite_ingot_3d frame 29: 21
[03:00:42] [Worker-ResourceReload-15/WARN]: Invalid frame index on sprite minecraft:item/enchanted_golden_apple frame 15: 15
[03:00:42] [Worker-ResourceReload-13/WARN]: Invalid frame index on sprite minecraft:item/books_3d/sweeping_edge_effect_3d frame 8: 8
[03:00:42] [Worker-ResourceReload-13/WARN]: Invalid frame index on sprite minecraft:item/books_3d/sweeping_edge_effect_3d frame 9: 9
[03:00:42] [Worker-ResourceReload-29/WARN]: Invalid frame index on sprite minecraft:item/golden_apple_3d frame 15: 15
[03:00:42] [Worker-ResourceReload-17/WARN]: Invalid frame index on sprite minecraft:item/iron_ingot_3d frame 19: 19
[03:00:42] [Worker-ResourceReload-17/WARN]: Invalid frame index on sprite minecraft:item/iron_ingot_3d frame 20: 20
[03:00:42] [Worker-ResourceReload-17/WARN]: Invalid frame index on sprite minecraft:item/iron_ingot_3d frame 21: 21
[03:00:42] [Worker-ResourceReload-23/ERROR]: Could not evaluate condition for assets/minecraft/items/copper_pickaxe.json (pack: file/Fresh Music Discs.zip): Could not evaluate Variable: Variable enchantmentOutlines not found
[03:00:42] [Worker-ResourceReload-23/ERROR]: Could not evaluate condition for assets/minecraft/items/copper_pickaxe.json (pack: file/Fresh Music Discs.zip): Could not evaluate Variable: Variable enchantmentOutlines not found
[03:00:42] [Worker-ResourceReload-23/ERROR]: Could not evaluate condition for assets/minecraft/items/copper_pickaxe.json (pack: file/Fresh Ores and Ingots.zip): Could not evaluate Variable: Variable enchantmentOutlines not found
[03:00:42] [Worker-ResourceReload-23/ERROR]: Could not evaluate condition for assets/minecraft/items/copper_pickaxe.json (pack: file/Fresh Ores and Ingots.zip): Could not evaluate Variable: Variable enchantmentOutlines not found
[03:00:42] [Worker-ResourceReload-23/ERROR]: Could not evaluate condition for assets/minecraft/items/copper_pickaxe.json (pack: file/Fresh Ores and Ingots.zip): Could not evaluate Variable: Variable enchantmentOutlines not found
[03:00:42] [Worker-ResourceReload-23/WARN]: [ETF]: config.entity_texture_features.illegal_path_warn [items/wildflowers copy.json.mcmeta]
[03:00:43] [Worker-ResourceReload-16/WARN]: [ETF]: config.entity_texture_features.illegal_path_warn [wildflowers copy]
[03:00:43] [Worker-ResourceReload-22/WARN]: Missing block model: enderscape:item/stasis_armor_trim_smithing_template
[03:00:43] [Worker-ResourceReload-22/WARN]: Missing block model: frostiful:item/fur_upgrade_template
[03:00:43] [Worker-ResourceReload-22/WARN]: Missing block model: more_armor_trims:item/fever_armor_trim_smithing_template
[03:00:43] [Worker-ResourceReload-22/WARN]: Missing block model: minecraft:item/shield_icon
[03:00:43] [Worker-ResourceReload-22/WARN]: Missing block model: minecraft:item/shield/enchanted_shield_blocking
[03:00:43] [Worker-ResourceReload-22/WARN]: Missing block model: minecraft:item/respackopts/shield/side_shield
[03:00:43] [Worker-ResourceReload-22/WARN]: Missing block model: more_armor_trims:item/storm_armor_trim_smithing_template
[03:00:43] [Worker-ResourceReload-22/WARN]: Missing block model: more_armor_trims:item/ram_armor_trim_smithing_template
[03:00:43] [Worker-ResourceReload-22/WARN]: Missing block model: more_armor_trims:item/nihility_armor_trim_smithing_template
[03:00:43] [Worker-ResourceReload-22/WARN]: Missing block model: more_armor_trims:item/wraith_armor_trim_smithing_template
[03:00:43] [Worker-ResourceReload-22/WARN]: Missing block model: minecraft:item/firstperson/axe/enchanted_wooden_axe
[03:00:43] [Worker-ResourceReload-22/WARN]: Missing block model: minecraft:item/thirdperson/axe/enchanted_wooden_axe
[03:00:43] [Worker-ResourceReload-22/WARN]: Missing block model: adventurez:item/gilded_upgrade_smithing_template
[03:00:43] [Worker-ResourceReload-22/WARN]: Missing block model: more_armor_trims:item/witness_armor_trim_smithing_template
[03:00:43] [Worker-ResourceReload-22/WARN]: Missing block model: more_armor_trims:item/horizon_armor_trim_smithing_template
[03:00:43] [Worker-ResourceReload-22/WARN]: Missing block model: minecraft:item/firstperson/e_shield_blocking
[03:00:43] [Worker-ResourceReload-22/WARN]: Missing block model: minecraft:item/firstperson/e_shield
[03:00:43] [Worker-ResourceReload-22/WARN]: Missing block model: minecraft:item/thirdperson/e_shield_banner_blocking
[03:00:43] [Worker-ResourceReload-22/WARN]: Missing block model: minecraft:item/thirdperson/e_shield_banner
[03:00:43] [Worker-ResourceReload-22/WARN]: Missing block model: minecraft:item/shield_icon_dropped
[03:00:43] [Worker-ResourceReload-22/WARN]: Missing block model: minecraft:item/thirdperson/e_shield_blocking
[03:00:43] [Worker-ResourceReload-22/WARN]: Missing block model: minecraft:item/thirdperson/e_shield
[03:00:44] [Worker-ResourceReload-22/WARN]: Missing block model: more_armor_trims:item/twilight_armor_trim_smithing_template
[03:00:44] [Worker-ResourceReload-22/WARN]: Missing block model: frostiful:item/frosty_armor_trim_smithing_template
[03:00:44] [Worker-ResourceReload-22/WARN]: Missing block model: more_armor_trims:item/beast_armor_trim_smithing_template
[03:00:44] [Worker-ResourceReload-22/WARN]: Missing block model: deeperdarker:item/warden_upgrade_smithing_template
[03:00:44] [Worker-ResourceReload-22/WARN]: Missing block model: more_armor_trims:item/origin_armor_trim_smithing_template
[03:00:44] [Worker-ResourceReload-22/WARN]: Missing block model: frostiful:item/ice_skate_upgrade_template
[03:00:44] [Worker-ResourceReload-22/WARN]: Missing block model: minecraft:item/firstperson/axe/enchanted_golden_axe
[03:00:44] [Worker-ResourceReload-22/WARN]: Missing block model: minecraft:item/thirdperson/axe/enchanted_golden_axe
[03:00:44] [Worker-ResourceReload-22/WARN]: Missing block model: minecraft:item/firstperson/enchanted_trident_throwing
[03:00:44] [Worker-ResourceReload-22/WARN]: Missing block model: minecraft:item/firstperson/enchanted_trident_in_hand
[03:00:44] [Worker-ResourceReload-22/WARN]: Missing block model: minecraft:item/thirdperson/enchanted_trident_throwing
[03:00:44] [Worker-ResourceReload-22/WARN]: Missing block model: minecraft:item/thirdperson/enchanted_trident_in_hand
[03:00:44] [Worker-ResourceReload-22/WARN]: Missing block model: minecraft:item/trident_dropped
[03:00:44] [Worker-ResourceReload-22/WARN]: Missing block model: frostiful:item/snow_man_armor_trim_smithing_template
[03:00:44] [Worker-ResourceReload-22/WARN]: Missing block model: more_armor_trims:item/parasite_armor_trim_smithing_template
[03:00:44] [Worker-ResourceReload-22/WARN]: Missing block model: frostiful:item/glacial_armor_trim_smithing_template
[03:00:44] [Worker-ResourceReload-22/WARN]: Missing block model: more_armor_trims:item/greed_armor_trim_smithing_template
[03:00:44] [Worker-ResourceReload-22/WARN]: Missing block model: more_armor_trims:item/myth_armor_trim_smithing_template
[03:00:44] [Worker-ResourceReload-22/WARN]: Missing block model: minecraft:item/shield/tp_vt_shield_blocking
[03:00:44] [Worker-ResourceReload-22/WARN]: Missing block model: minecraft:item/shield/vt_shield
[03:00:44] [Worker-ResourceReload-22/WARN]: Missing block model: minecraft:item/shield/vt_shield_blocking
[03:00:44] [Worker-ResourceReload-22/WARN]: Missing block model: minecraft:item/exposed_pickaxe
[03:00:44] [Worker-ResourceReload-22/WARN]: Missing block model: minecraft:item/weathered_pickaxe
[03:00:44] [Worker-ResourceReload-22/WARN]: Missing block model: minecraft:item/oxidized_pickaxe
[03:00:44] [Worker-ResourceReload-22/WARN]: Missing block model: minecraft:item/firstperson/enchanted_copper_pickaxe
[03:00:44] [Worker-ResourceReload-22/WARN]: Missing block model: minecraft:item/oxidizingcopper/firstperson/pickaxe/exposed
[03:00:44] [Worker-ResourceReload-22/WARN]: Missing block model: minecraft:item/oxidizingcopper/firstperson/pickaxe/weathered
[03:00:44] [Worker-ResourceReload-22/WARN]: Missing block model: minecraft:item/oxidizingcopper/firstperson/pickaxe/oxidized
[03:00:44] [Worker-ResourceReload-22/WARN]: Missing block model: minecraft:item/thirdperson/enchanted_copper_pickaxe
[03:00:44] [Worker-ResourceReload-22/WARN]: Missing block model: minecraft:item/oxidizingcopper/thirdperson/pickaxe/exposed
[03:00:44] [Worker-ResourceReload-22/WARN]: Missing block model: minecraft:item/oxidizingcopper/thirdperson/pickaxe/weathered
[03:00:44] [Worker-ResourceReload-22/WARN]: Missing block model: minecraft:item/oxidizingcopper/thirdperson/pickaxe/oxidized
[03:00:44] [Worker-ResourceReload-22/WARN]: Missing block model: minecraft:builtin/entity
[03:00:44] [Worker-ResourceReload-6/INFO]: Waving whitelist: {GENERAL=2, LEAVES=14}, following the leaves: 1, resting on them: 19
[03:00:44] [Worker-ResourceReload-18/WARN]: [ETF]: config.entity_texture_features.illegal_path_warn [optifine/cem/Nouveau dossier/desktop.ini]
[03:00:44] [Worker-ResourceReload-18/WARN]: [ETF]: config.entity_texture_features.illegal_path_warn [optifine/cem/Nouveau dossier/.rpo]
[03:00:44] [Worker-ResourceReload-18/WARN]: [ETF]: config.entity_texture_features.illegal_path_warn [optifine/cem/Nouveau dossier/desktop.ini.rpo]
[03:00:44] [Worker-ResourceReload-18/WARN]: [ETF]: config.entity_texture_features.illegal_path_warn [optifine/cem/Nouveau dossier/evoker.properties]
[03:00:44] [Worker-ResourceReload-18/WARN]: [ETF]: config.entity_texture_features.illegal_path_warn [optifine/cem/Nouveau dossier/evoker.properties.rpo]
[03:00:44] [Worker-ResourceReload-18/WARN]: [ETF]: config.entity_texture_features.illegal_path_warn [optifine/cem/Nouveau dossier/evoker2.jem]
[03:00:44] [Worker-ResourceReload-18/WARN]: [ETF]: config.entity_texture_features.illegal_path_warn [optifine/cem/Nouveau dossier/evoker2.jem.rpo]
[03:00:44] [Worker-ResourceReload-18/WARN]: [ETF]: config.entity_texture_features.illegal_path_warn [optifine/cem/Nouveau dossier/evoker_fangs.jem]
[03:00:44] [Worker-ResourceReload-18/WARN]: [ETF]: config.entity_texture_features.illegal_path_warn [optifine/cem/Nouveau dossier/evoker_fangs.jem.rpo]
[03:00:44] [Worker-ResourceReload-18/WARN]: [ETF]: config.entity_texture_features.illegal_path_warn [optifine/cem/Nouveau dossier/evoker_fangs.properties]
[03:00:44] [Worker-ResourceReload-18/WARN]: [ETF]: config.entity_texture_features.illegal_path_warn [optifine/cem/Nouveau dossier/evoker_fangs2.jem]
[03:00:44] [Worker-ResourceReload-18/WARN]: [ETF]: config.entity_texture_features.illegal_path_warn [optifine/cem/Nouveau dossier/evoker_fangs2.jem.rpo]
[03:00:44] [Worker-ResourceReload-21/WARN]: [ETF]: config.entity_texture_features.illegal_path_warn [optifine/cem/Nouveau dossier/evoker_fangs.properties.rpo]
[03:00:44] [Worker-ResourceReload-18/WARN]: [ETF]: config.entity_texture_features.illegal_path_warn [optifine/cem/Nouveau dossier/illusioner.jem]
[03:00:44] [Worker-ResourceReload-18/WARN]: [ETF]: config.entity_texture_features.illegal_path_warn [optifine/cem/Nouveau dossier/illusioner.jem.rpo]
[03:00:44] [Worker-ResourceReload-18/WARN]: [ETF]: config.entity_texture_features.illegal_path_warn [optifine/cem/Nouveau dossier/ravager.jem]
[03:00:44] [Worker-ResourceReload-21/WARN]: [ETF]: config.entity_texture_features.illegal_path_warn [optifine/cem/Nouveau dossier/ravager.jem.rpo]
[03:00:44] [Worker-ResourceReload-18/WARN]: [ETF]: config.entity_texture_features.illegal_path_warn [optifine/cem/Nouveau dossier/vex.jem.rpo]
[03:00:44] [Worker-ResourceReload-21/WARN]: [ETF]: config.entity_texture_features.illegal_path_warn [optifine/cem/Nouveau dossier/vex.jem]
[03:00:44] [Worker-ResourceReload-21/WARN]: [ETF]: config.entity_texture_features.illegal_path_warn [optifine/cem/Nouveau dossier/evoker_fangs.jem.rpo.mcmeta]
[03:00:44] [Worker-ResourceReload-18/WARN]: [ETF]: config.entity_texture_features.illegal_path_warn [optifine/cem/Nouveau dossier/evoker_fangs.properties.mcmeta]
[03:00:44] [Worker-ResourceReload-18/WARN]: [ETF]: config.entity_texture_features.illegal_path_warn [optifine/cem/Nouveau dossier/ravager.jem.rpo.mcmeta]
[03:00:44] [Worker-ResourceReload-21/WARN]: [ETF]: config.entity_texture_features.illegal_path_warn [optifine/cem/Nouveau dossier/evoker.properties.mcmeta]
[03:00:44] [Worker-ResourceReload-18/WARN]: [ETF]: config.entity_texture_features.illegal_path_warn [optifine/cem/Nouveau dossier/ravager.jem.mcmeta]
[03:00:44] [Worker-ResourceReload-18/WARN]: [ETF]: config.entity_texture_features.illegal_path_warn [optifine/cem/Nouveau dossier/vex.jem.rpo.mcmeta]
[03:00:44] [Worker-ResourceReload-21/WARN]: [ETF]: config.entity_texture_features.illegal_path_warn [optifine/cem/Nouveau dossier/illusioner.jem.mcmeta]
[03:00:44] [Worker-ResourceReload-21/WARN]: [ETF]: config.entity_texture_features.illegal_path_warn [optifine/cem/Nouveau dossier/desktop.ini.mcmeta]
[03:00:44] [Worker-ResourceReload-21/WARN]: [ETF]: config.entity_texture_features.illegal_path_warn [optifine/cem/Nouveau dossier/evoker_fangs2.jem.mcmeta]
[03:00:44] [Worker-ResourceReload-21/WARN]: [ETF]: config.entity_texture_features.illegal_path_warn [optifine/cem/Nouveau dossier/evoker_fangs.jem.mcmeta]
[03:00:44] [Worker-ResourceReload-21/WARN]: [ETF]: config.entity_texture_features.illegal_path_warn [optifine/cem/Nouveau dossier/evoker2.jem.mcmeta]
[03:00:44] [Worker-ResourceReload-21/WARN]: [ETF]: config.entity_texture_features.illegal_path_warn [optifine/cem/Nouveau dossier/illusioner.jem.rpo.mcmeta]
[03:00:45] [Worker-ResourceReload-10/WARN]: Missing textures in model minecraft:item/glistering_melon_slice_3d:
    minecraft:item/glistering_melon_slice_particle
[03:00:45] [Worker-ResourceReload-10/WARN]: Missing texture references in model minecraft:item/nameable_variants/display_case/birch/lime_birch:
    particle
[03:00:45] [Worker-ResourceReload-10/WARN]: Missing texture references in model minecraft:item/nameable_variants/display_case/acacia/cyan_acacia:
    particle
[03:00:45] [Worker-ResourceReload-10/WARN]: Missing texture references in model minecraft:item/nameable_variants/display_case/warped/brown_glass_warped:
    particle
[03:00:45] [Worker-ResourceReload-10/WARN]: Missing texture references in model minecraft:block/warped_wart_block_canopy_1:
    particle
[03:00:45] [Worker-ResourceReload-10/WARN]: Missing texture references in model minecraft:block/warped_wart_block_canopy_2:
    particle
[03:00:45] [Worker-ResourceReload-10/WARN]: Missing texture references in model frostiful:item/ice_skate_upgrade_template3d:
    particle
[03:00:45] [Worker-ResourceReload-10/WARN]: Missing texture references in model minecraft:item/nameable_variants/display_case/warped/orange_glass_warped:
    particle
[03:00:45] [Worker-ResourceReload-10/WARN]: Missing texture references in model minecraft:item/nameable_variants/display_case/crimson/purple_crimson:
    particle
[03:00:45] [Worker-ResourceReload-10/WARN]: Missing texture references in model minecraft:item/nameable_variants/display_case/dark_oak/light_gray_dark_oak:
    particle
[03:00:45] [Worker-ResourceReload-10/WARN]: Missing texture references in model minecraft:item/nameable_variants/display_case/crimson/red_crimson:
    particle
[03:00:45] [Worker-ResourceReload-10/WARN]: Missing texture references in model minecraft:item/nameable_variants/display_case/cherry/pink_cherry:
    particle
[03:00:45] [Worker-ResourceReload-10/WARN]: Missing texture references in model minecraft:item/nameable_variants/display_case/jungle/light_gray_glass_jungle:
    particle
[03:00:45] [Worker-ResourceReload-10/WARN]: Missing texture references in model minecraft:item/nameable_variants/display_case/dark_oak/magenta_dark_oak:
    particle
[03:00:45] [Worker-ResourceReload-10/WARN]: Missing texture references in model minecraft:item/nameable_variants/display_case/dark_oak/orange_dark_oak:
    particle
[03:00:45] [Worker-ResourceReload-10/WARN]: Missing texture references in model minecraft:item/nameable_variants/display_case/spruce/purple_glass_spruce:
    particle
[03:00:45] [Worker-ResourceReload-10/WARN]: Missing texture references in model minecraft:item/nameable_variants/display_case/crimson/orange_crimson:
    particle
[03:00:45] [Worker-ResourceReload-10/WARN]: Missing texture references in model minecraft:item/nameable_variants/display_case/jungle/gray_jungle:
    particle
[03:00:45] [Worker-ResourceReload-10/WARN]: Missing texture references in model minecraft:item/nameable_variants/display_case/dark_oak/light_gray_glass_dark_oak:
    particle
[03:00:45] [Worker-ResourceReload-10/WARN]: Missing texture references in model minecraft:item/nameable_variants/display_case/bamboo/blue_glass_bamboo:
    particle
[03:00:45] [Worker-ResourceReload-10/WARN]: Missing texture references in model minecraft:item/nameable_variants/display_case/jungle/lime_glass_jungle:
    particle
[03:00:45] [Worker-ResourceReload-10/WARN]: Missing texture references in model minecraft:item/azalea_3d:
    particle
[03:00:45] [Worker-ResourceReload-10/WARN]: Missing texture references in model minecraft:item/nameable_variants/display_case/cherry/lime_cherry:
    particle
[03:00:45] [Worker-ResourceReload-10/WARN]: Missing texture references in model minecraft:item/nameable_variants/display_case/mangrove/red_mangrove:
    particle
[03:00:45] [Worker-ResourceReload-10/WARN]: Missing texture references in model minecraft:item/nameable_variants/display_case/birch/light_gray_birch:
    particle
[03:00:45] [Worker-ResourceReload-10/WARN]: Missing texture references in model minecraft:item/nameable_variants/display_case/mangrove/light_blue_glass_mangrove:
    particle
[03:00:45] [Worker-ResourceReload-10/WARN]: Missing texture references in model minecraft:item/nameable_variants/display_case/birch/blue_glass_birch:
    particle
[03:00:45] [Worker-ResourceReload-10/WARN]: Missing texture references in model minecraft:item/nameable_variants/display_case/bamboo/brown_bamboo:
    particle
[03:00:45] [Worker-ResourceReload-10/WARN]: Missing texture references in model minecraft:item/nameable_variants/display_case/dark_oak/white_dark_oak:
    particle
[03:00:45] [Worker-ResourceReload-10/WARN]: Missing texture references in model minecraft:item/small_amethyst_bud_3d:
    particle
[03:00:45] [Worker-ResourceReload-10/WARN]: Missing texture references in model minecraft:item/nameable_variants/display_case/cherry/black_glass_cherry:
    particle
[03:00:45] [Worker-ResourceReload-10/WARN]: Missing texture references in model minecraft:item/nameable_variants/display_case/cherry/orange_glass_cherry:
    particle
[03:00:45] [Worker-ResourceReload-10/WARN]: Missing texture references in model minecraft:item/music_disc_blocks_3d:
    particle
[03:00:45] [Worker-ResourceReload-10/WARN]: Missing texture references in model minecraft:item/nameable_variants/display_case/dark_oak/magenta_glass_dark_oak:
    particle
[03:00:45] [Worker-ResourceReload-10/WARN]: Missing texture references in model minecraft:item/nameable_variants/display_case/acacia/green_glass_acacia:
    particle
[03:00:45] [Worker-ResourceReload-10/WARN]: Missing texture references in model minecraft:item/nameable_variants/display_case/pale_oak/light_gray_pale_oak:
    particle
[03:00:45] [Worker-ResourceReload-10/WARN]: Missing texture references in model minecraft:item/nameable_variants/display_case/emerald_display_case:
    particle
[03:00:45] [Worker-ResourceReload-10/WARN]: Missing texture references in model minecraft:item/nameable_variants/display_case/jungle/red_jungle:
    particle
[03:00:45] [Worker-ResourceReload-10/WARN]: Missing texture references in model minecraft:item/nameable_variants/display_case/birch/blue_birch:
    particle
[03:00:45] [Worker-ResourceReload-10/WARN]: Missing texture references in model minecraft:item/nameable_variants/display_case/dark_oak/blue_dark_oak:
    particle
[03:00:45] [Worker-ResourceReload-10/WARN]: Missing texture references in model minecraft:item/music_disc_creator_3d:
    particle
[03:00:45] [Worker-ResourceReload-10/WARN]: Missing texture references in model minecraft:item/nameable_variants/display_case/warped/blue_warped:
    particle
[03:00:45] [Worker-ResourceReload-10/WARN]: Missing texture references in model minecraft:item/nameable_variants/display_case/acacia/blue_glass_acacia:
    particle
[03:00:45] [Worker-ResourceReload-10/WARN]: Missing texture references in model minecraft:item/nameable_variants/display_case/mangrove/blue_mangrove:
    particle
[03:00:45] [Worker-ResourceReload-10/WARN]: Missing texture references in model minecraft:item/nameable_variants/display_case/birch/lime_glass_birch:
    particle
[03:00:45] [Worker-ResourceReload-10/WARN]: Missing texture references in model minecraft:item/vex_armor_trim_smithing_template3d:
    particle
[03:00:45] [Worker-ResourceReload-10/WARN]: Missing texture references in model minecraft:item/nameable_variants/display_case/cherry/brown_glass_cherry:
    particle
[03:00:45] [Worker-ResourceReload-10/WARN]: Missing texture references in model minecraft:item/nameable_variants/display_case/spruce/magenta_glass_spruce:
    particle
[03:00:45] [Worker-ResourceReload-10/WARN]: Missing texture references in model minecraft:item/nameable_variants/display_case/bamboo/black_glass_bamboo:
    particle
[03:00:45] [Worker-ResourceReload-10/WARN]: Missing texture references in model minecraft:item/nameable_variants/display_case/pale_oak/light_gray_glass_pale_oak:
    particle
[03:00:45] [Worker-ResourceReload-10/WARN]: Missing texture references in model minecraft:item/nameable_variants/display_case/cherry/red_glass_cherry:
    particle
[03:00:45] [Worker-ResourceReload-10/WARN]: Missing texture references in model minecraft:item/nameable_variants/display_case/warped/green_warped:
    particle
[03:00:45] [Worker-ResourceReload-10/WARN]: Missing texture references in model minecraft:item/nameable_variants/display_case/acacia/gray_acacia:
    particle
[03:00:45] [Worker-ResourceReload-10/WARN]: Missing texture references in model minecraft:item/nameable_variants/display_case/mangrove/purple_mangrove:
    particle
[03:00:45] [Worker-ResourceReload-10/WARN]: Missing texture references in model minecraft:item/nameable_variants/display_case/warped/lime_glass_warped:
    particle
[03:00:45] [Worker-ResourceReload-10/WARN]: Missing texture references in model minecraft:item/nameable_variants/display_case/oak/white_glass_oak:
    particle
[03:00:45] [Worker-ResourceReload-10/WARN]: Missing texture references in model minecraft:item/music_disc_pigstep_3d:
    particle
[03:00:45] [Worker-ResourceReload-10/WARN]: Missing texture references in model minecraft:block/spruce_leaves_canopy_2:
    particle
[03:00:45] [Worker-ResourceReload-10/WARN]: Missing texture references in model minecraft:item/nameable_variants/display_case/bamboo/gray_glass_bamboo:
    particle
[03:00:45] [Worker-ResourceReload-10/WARN]: Missing texture references in model minecraft:item/nameable_variants/display_case/oak/magenta_glass_oak:
    particle
[03:00:45] [Worker-ResourceReload-10/WARN]: Missing texture references in model minecraft:block/spruce_leaves_canopy_1:
    particle
[03:00:45] [Worker-ResourceReload-10/WARN]: Missing texture references in model minecraft:item/nameable_variants/display_case/pale_oak/magenta_pale_oak:
    particle
[03:00:45] [Worker-ResourceReload-10/WARN]: Missing texture references in model minecraft:item/books_3d/mending_3d_open:
    particle
[03:00:45] [Worker-ResourceReload-10/WARN]: Missing texture references in model minecraft:item/nameable_variants/display_case/acacia/magenta_glass_acacia:
    particle
[03:00:45] [Worker-ResourceReload-10/WARN]: Missing texture references in model minecraft:item/nameable_variants/display_case/dark_oak/lime_dark_oak:
    particle
[03:00:45] [Worker-ResourceReload-10/WARN]: Missing texture references in model minecraft:item/nameable_variants/display_case/oak/white_oak:
    particle
[03:00:45] [Worker-ResourceReload-10/WARN]: Missing texture references in model interactivestuff:item/grass_block_top:
    particle
[03:00:45] [Worker-ResourceReload-10/WARN]: Missing texture references in model minecraft:item/nameable_variants/display_case/oak/green_glass_oak:
    particle
[03:00:45] [Worker-ResourceReload-10/WARN]: Missing texture references in model minecraft:item/nameable_variants/display_case/warped/red_glass_warped:
    particle
[03:00:45] [Worker-ResourceReload-10/WARN]: Missing texture references in model minecraft:item/nameable_variants/display_case/spruce/yellow_glass_spruce:
    particle
[03:00:45] [Worker-ResourceReload-10/WARN]: Missing texture references in model minecraft:item/flowering_azalea_3d:
    particle
[03:00:45] [Worker-ResourceReload-10/WARN]: Missing texture references in model minecraft:item/nameable_variants/display_case/oak/green_oak:
    particle
[03:00:45] [Worker-ResourceReload-10/WARN]: Missing texture references in model minecraft:item/nameable_variants/display_case/birch/brown_glass_birch:
    particle
[03:00:45] [Worker-ResourceReload-10/WARN]: Missing texture references in model minecraft:item/nameable_variants/display_case/mangrove/lime_mangrove:
    particle
[03:00:45] [Worker-ResourceReload-10/WARN]: Missing texture references in model minecraft:item/nameable_variants/display_case/acacia/pink_acacia:
    particle
[03:00:45] [Worker-ResourceReload-10/WARN]: Missing texture references in model minecraft:item/nameable_variants/display_case/acacia/white_glass_acacia:
    particle
[03:00:45] [Worker-ResourceReload-10/WARN]: Missing texture references in model minecraft:item/nameable_variants/display_case/birch/pink_glass_birch:
    particle
[03:00:45] [Worker-ResourceReload-10/WARN]: Missing texture references in model minecraft:item/nameable_variants/display_case/jungle/brown_glass_jungle:
    particle
[03:00:45] [Worker-ResourceReload-10/WARN]: Missing texture references in model minecraft:item/music_disc_ward_3d:
    particle
[03:00:45] [Worker-ResourceReload-10/WARN]: Missing texture references in model minecraft:item/nameable_variants/display_case/spruce/black_glass_spruce:
    particle
[03:00:45] [Worker-ResourceReload-10/WARN]: Missing texture references in model minecraft:item/nameable_variants/display_case/warped/black_glass_warped:
    particle
[03:00:45] [Worker-ResourceReload-10/WARN]: Missing texture references in model minecraft:item/nameable_variants/display_case/pale_oak/yellow_pale_oak:
    particle
[03:00:45] [Worker-ResourceReload-10/WARN]: Missing texture references in model minecraft:item/nameable_variants/display_case/spruce/magenta_spruce:
    particle
[03:00:45] [Worker-ResourceReload-10/WARN]: Missing texture references in model minecraft:item/nameable_variants/display_case/pale_oak/red_glass_pale_oak:
    particle
[03:00:45] [Worker-ResourceReload-10/WARN]: Missing texture references in model minecraft:item/nameable_variants/display_case/cherry/red_cherry:
    particle
[03:00:45] [Worker-ResourceReload-10/WARN]: Missing texture references in model minecraft:item/nameable_variants/display_case/crimson/green_glass_crimson:
    particle
[03:00:45] [Worker-ResourceReload-10/WARN]: Missing texture references in model minecraft:item/nameable_variants/display_case/pale_oak/brown_glass_pale_oak:
    particle
[03:00:45] [Worker-ResourceReload-10/WARN]: Missing texture references in model minecraft:item/nameable_variants/display_case/warped/pink_glass_warped:
    particle
[03:00:45] [Worker-ResourceReload-10/WARN]: Missing texture references in model minecraft:item/nameable_variants/display_case/spruce/lime_spruce:
    particle
[03:00:45] [Worker-ResourceReload-10/WARN]: Missing texture references in model minecraft:item/nameable_variants/display_case/oak/lime_glass_oak:
    particle
[03:00:45] [Worker-ResourceReload-10/WARN]: Missing texture references in model minecraft:item/nameable_variants/display_case/acacia/lime_acacia:
    particle
[03:00:45] [Worker-ResourceReload-10/WARN]: Missing texture references in model minecraft:item/nameable_variants/display_case/crimson/yellow_crimson:
    particle
[03:00:45] [Worker-ResourceReload-10/WARN]: Missing texture references in model minecraft:item/nameable_variants/display_case/pale_oak/white_pale_oak:
    particle
[03:00:45] [Worker-ResourceReload-10/WARN]: Missing texture references in model minecraft:item/nameable_variants/display_case/acacia/gray_glass_acacia:
    particle
[03:00:45] [Worker-ResourceReload-10/WARN]: Missing texture references in model minecraft:item/nameable_variants/display_case/jungle/light_gray_jungle:
    particle
[03:00:45] [Worker-ResourceReload-10/WARN]: Missing texture references in model minecraft:item/nameable_variants/display_case/spruce/brown_spruce:
    particle
[03:00:45] [Worker-ResourceReload-10/WARN]: Missing texture references in model minecraft:item/nameable_variants/display_case/jungle/yellow_glass_jungle:
    particle
[03:00:45] [Worker-ResourceReload-10/WARN]: Missing texture references in model minecraft:item/nameable_variants/display_case/jungle/light_blue_glass_jungle:
    particle
[03:00:45] [Worker-ResourceReload-10/WARN]: Missing texture references in model minecraft:item/nameable_variants/display_case/dark_oak/lime_glass_dark_oak:
    particle
[03:00:45] [Worker-ResourceReload-10/WARN]: Missing texture references in model minecraft:item/nameable_variants/display_case/cherry/brown_cherry:
    particle
[03:00:45] [Worker-ResourceReload-10/WARN]: Missing texture references in model minecraft:item/nameable_variants/display_case/dark_oak/purple_dark_oak:
    particle
[03:00:45] [Worker-ResourceReload-10/WARN]: Missing texture references in model minecraft:item/nameable_variants/display_case/cherry/purple_cherry:
    particle
[03:00:45] [Worker-ResourceReload-10/WARN]: Missing texture references in model minecraft:item/nameable_variants/display_case/oak/yellow_glass_oak:
    particle
[03:00:45] [Worker-ResourceReload-10/WARN]: Missing texture references in model minecraft:item/jungle_grass:
    particle
[03:00:45] [Worker-ResourceReload-10/WARN]: Missing texture references in model minecraft:item/nameable_variants/display_case/dark_oak/red_glass_dark_oak:
    particle
[03:00:45] [Worker-ResourceReload-10/WARN]: Missing texture references in model minecraft:item/nameable_variants/display_case/echo_shard_display_case:
    particle
[03:00:45] [Worker-ResourceReload-10/WARN]: Missing texture references in model minecraft:item/nameable_variants/display_case/jungle/pink_glass_jungle:
    particle
[03:00:45] [Worker-ResourceReload-10/WARN]: Missing texture references in model minecraft:item/nameable_variants/display_case/oak/red_glass_oak:
    particle
[03:00:45] [Worker-ResourceReload-10/WARN]: Missing texture references in model minecraft:item/nameable_variants/display_case/crimson/light_gray_glass_crimson:
    particle
[03:00:45] [Worker-ResourceReload-10/WARN]: Missing texture references in model minecraft:item/nameable_variants/display_case/pale_oak/magenta_glass_pale_oak:
    particle
[03:00:45] [Worker-ResourceReload-10/WARN]: Missing texture references in model minecraft:item/nameable_variants/display_case/pale_oak/pink_glass_pale_oak:
    particle
[03:00:45] [Worker-ResourceReload-10/WARN]: Missing texture references in model minecraft:item/nameable_variants/display_case/dark_oak/gray_glass_dark_oak:
    particle
[03:00:45] [Worker-ResourceReload-10/WARN]: Missing texture references in model minecraft:item/nameable_variants/display_case/pale_oak/gray_pale_oak:
    particle
[03:00:45] [Worker-ResourceReload-10/WARN]: Missing texture references in model minecraft:item/nameable_variants/display_case/warped/magenta_glass_warped:
    particle
[03:00:45] [Worker-ResourceReload-10/WARN]: Missing texture references in model minecraft:item/nameable_variants/display_case/dark_oak/green_glass_dark_oak:
    particle
[03:00:45] [Worker-ResourceReload-10/WARN]: Missing texture references in model minecraft:item/music_disc_mellohi_3d:
    particle
[03:00:45] [Worker-ResourceReload-10/WARN]: Missing texture references in model minecraft:item/nameable_variants/display_case/mangrove/orange_mangrove:
    particle
[03:00:45] [Worker-ResourceReload-10/WARN]: Missing texture references in model minecraft:item/nameable_variants/display_case/diamond_display_case:
    particle
[03:00:45] [Worker-ResourceReload-10/WARN]: Missing texture references in model minecraft:item/nameable_variants/display_case/acacia/orange_glass_acacia:
    particle
[03:00:45] [Worker-ResourceReload-10/WARN]: Missing texture references in model minecraft:item/nameable_variants/display_case/mangrove/lime_glass_mangrove:
    particle
[03:00:45] [Worker-ResourceReload-10/WARN]: Missing texture references in model minecraft:item/music_disc_11_3d:
    particle
[03:00:45] [Worker-ResourceReload-10/WARN]: Missing texture references in model minecraft:item/dark_oak_forest_grass:
    particle
[03:00:45] [Worker-ResourceReload-10/WARN]: Missing texture references in model minecraft:item/nameable_variants/display_case/bamboo/brown_glass_bamboo:
    particle
[03:00:45] [Worker-ResourceReload-10/WARN]: Missing texture references in model minecraft:item/nameable_variants/display_case/oak/gray_glass_oak:
    particle
[03:00:45] [Worker-ResourceReload-10/WARN]: Missing texture references in model minecraft:item/nameable_variants/display_case/mangrove/brown_glass_mangrove:
    particle
[03:00:45] [Worker-ResourceReload-10/WARN]: Missing texture references in model minecraft:item/nameable_variants/display_case/birch/magenta_glass_birch:
    particle
[03:00:45] [Worker-ResourceReload-10/WARN]: Missing texture references in model minecraft:item/nameable_variants/display_case/jungle/green_glass_jungle:
    particle
[03:00:45] [Worker-ResourceReload-10/WARN]: Missing texture references in model minecraft:item/nameable_variants/display_case/birch/black_birch:
    particle
[03:00:45] [Worker-ResourceReload-10/WARN]: Missing texture references in model minecraft:item/nameable_variants/display_case/acacia/blue_acacia:
    particle
[03:00:45] [Worker-ResourceReload-10/WARN]: Missing texture references in model minecraft:item/nameable_variants/display_case/pale_oak/brown_pale_oak:
    particle
[03:00:45] [Worker-ResourceReload-10/WARN]: Missing texture references in model minecraft:item/nameable_variants/display_case/crimson/white_glass_crimson:
    particle
[03:00:45] [Worker-ResourceReload-10/WARN]: Missing texture references in model minecraft:item/nameable_variants/display_case/crimson/red_glass_crimson:
    particle
[03:00:45] [Worker-ResourceReload-10/WARN]: Missing texture references in model minecraft:item/nameable_variants/display_case/crimson/cyan_crimson:
    particle
[03:00:45] [Worker-ResourceReload-10/WARN]: Missing texture references in model minecraft:item/nameable_variants/display_case/cherry/gray_glass_cherry:
    particle
[03:00:45] [Worker-ResourceReload-10/WARN]: Missing texture references in model minecraft:item/nameable_variants/display_case/mangrove/yellow_mangrove:
    particle
[03:00:45] [Worker-ResourceReload-10/WARN]: Missing texture references in model minecraft:item/nameable_variants/display_case/acacia/white_acacia:
    particle
[03:00:45] [Worker-ResourceReload-10/WARN]: Missing texture references in model minecraft:item/nameable_variants/display_case/acacia/red_glass_acacia:
    particle
[03:00:45] [Worker-ResourceReload-10/WARN]: Missing texture references in model minecraft:item/nameable_variants/display_case/acacia/purple_glass_acacia:
    particle
[03:00:45] [Worker-ResourceReload-10/WARN]: Missing texture references in model minecraft:item/nameable_variants/display_case/birch/orange_glass_birch:
    particle
[03:00:45] [Worker-ResourceReload-10/WARN]: Missing texture references in model minecraft:item/books_3d/frost_walker_3d_open:
    particle
[03:00:45] [Worker-ResourceReload-10/WARN]: Missing texture references in model minecraft:item/nameable_variants/display_case/bamboo/purple_bamboo:
    particle
[03:00:45] [Worker-ResourceReload-10/WARN]: Missing texture references in model minecraft:item/nameable_variants/display_case/oak/light_gray_glass_oak:
    particle
[03:00:45] [Worker-ResourceReload-10/WARN]: Missing texture references in model minecraft:item/nameable_variants/display_case/birch/green_glass_birch:
    particle
[03:00:45] [Worker-ResourceReload-10/WARN]: Missing texture references in model minecraft:item/nameable_variants/display_case/bamboo/blue_bamboo:
    particle
[03:00:45] [Worker-ResourceReload-10/WARN]: Missing texture references in model minecraft:item/nameable_variants/display_case/warped/gray_glass_warped:
    particle
[03:00:45] [Worker-ResourceReload-10/WARN]: Missing texture references in model minecraft:item/nameable_variants/display_case/mangrove/black_mangrove:
    particle
[03:00:45] [Worker-ResourceReload-10/WARN]: Missing texture references in model minecraft:item/books_3d/protection_3d_open:
    particle
[03:00:45] [Worker-ResourceReload-10/WARN]: Missing texture references in model minecraft:item/nameable_variants/display_case/oak/light_gray_oak:
    particle
[03:00:45] [Worker-ResourceReload-10/WARN]: Missing texture references in model minecraft:item/sugar_cane_3d:
    particle
[03:00:45] [Worker-ResourceReload-10/WARN]: Missing texture references in model minecraft:item/nameable_variants/display_case/mangrove/pink_mangrove:
    particle
[03:00:45] [Worker-ResourceReload-10/WARN]: Missing texture references in model minecraft:item/nameable_variants/display_case/dark_oak/pink_dark_oak:
    particle
[03:00:45] [Worker-ResourceReload-10/WARN]: Missing texture references in model minecraft:item/nameable_variants/display_case/birch/red_birch:
    particle
[03:00:45] [Worker-ResourceReload-10/WARN]: Missing texture references in model minecraft:item/nameable_variants/display_case/spruce/light_gray_glass_spruce:
    particle
[03:00:45] [Worker-ResourceReload-10/WARN]: Missing texture references in model minecraft:item/nameable_variants/display_case/mangrove/light_gray_mangrove:
    particle
[03:00:45] [Worker-ResourceReload-10/WARN]: Missing texture references in model minecraft:item/nameable_variants/display_case/spruce/black_spruce:
    particle
[03:00:45] [Worker-ResourceReload-10/WARN]: Missing texture references in model minecraft:item/nameable_variants/display_case/acacia/yellow_glass_acacia:
    particle
[03:00:45] [Worker-ResourceReload-10/WARN]: Missing texture references in model minecraft:item/nameable_variants/display_case/raw_copper_display_case:
    particle
[03:00:45] [Worker-ResourceReload-10/WARN]: Missing texture references in model minecraft:item/nameable_variants/display_case/jungle/magenta_glass_jungle:
    particle
[03:00:45] [Worker-ResourceReload-10/WARN]: Missing texture references in model minecraft:item/nameable_variants/display_case/dark_oak/yellow_glass_dark_oak:
    particle
[03:00:45] [Worker-ResourceReload-10/WARN]: Missing texture references in model minecraft:item/nameable_variants/display_case/crimson/light_gray_crimson:
    particle
[03:00:45] [Worker-ResourceReload-10/WARN]: Missing texture references in model minecraft:item/nameable_variants/display_case/cherry/gray_cherry:
    particle
[03:00:45] [Worker-ResourceReload-10/WARN]: Missing texture references in model minecraft:item/nameable_variants/display_case/bamboo/green_bamboo:
    particle
[03:00:45] [Worker-ResourceReload-10/WARN]: Missing texture references in model telepistons:block/piston_arm:
    particle
[03:00:45] [Worker-ResourceReload-10/WARN]: Missing texture references in model minecraft:block/orange_poplar_leaves_canopy_1:
    particle
[03:00:45] [Worker-ResourceReload-10/WARN]: Missing texture references in model minecraft:item/nameable_variants/display_case/spruce/purple_spruce:
    particle
[03:00:45] [Worker-ResourceReload-10/WARN]: Missing texture references in model minecraft:item/nameable_variants/display_case/cherry/cyan_cherry:
    particle
[03:00:45] [Worker-ResourceReload-10/WARN]: Missing texture references in model minecraft:item/nameable_variants/display_case/cherry/green_glass_cherry:
    particle
[03:00:45] [Worker-ResourceReload-10/WARN]: Missing texture references in model minecraft:item/nameable_variants/display_case/dark_oak/black_dark_oak:
    particle
[03:00:45] [Worker-ResourceReload-10/WARN]: Missing texture references in model minecraft:item/nameable_variants/display_case/cherry/green_cherry:
    particle
[03:00:45] [Worker-ResourceReload-10/WARN]: Missing texture references in model minecraft:item/books_3d/power_3d_open:
    particle
[03:00:45] [Worker-ResourceReload-10/WARN]: Missing texture references in model minecraft:item/nameable_variants/display_case/warped/light_blue_glass_warped:
    particle
[03:00:45] [Worker-ResourceReload-10/WARN]: Missing texture references in model minecraft:item/nameable_variants/display_case/bamboo/gray_bamboo:
    particle
[03:00:45] [Worker-ResourceReload-10/WARN]: Missing texture references in model minecraft:item/nameable_variants/display_case/bamboo/yellow_bamboo:
    particle
[03:00:45] [Worker-ResourceReload-10/WARN]: Missing texture references in model minecraft:item/nameable_variants/display_case/oak/gray_oak:
    particle
[03:00:45] [Worker-ResourceReload-10/WARN]: Missing texture references in model minecraft:item/nameable_variants/display_case/cherry/light_blue_glass_cherry:
    particle
[03:00:45] [Worker-ResourceReload-10/WARN]: Missing texture references in model minecraft:item/nameable_variants/display_case/mangrove/cyan_mangrove:
    particle
[03:00:45] [Worker-ResourceReload-10/WARN]: Missing texture references in model minecraft:item/nameable_variants/display_case/spruce/light_gray_spruce:
    particle
[03:00:45] [Worker-ResourceReload-10/WARN]: Missing texture references in model minecraft:item/nameable_variants/display_case/mangrove/magenta_glass_mangrove:
    particle
[03:00:45] [Worker-ResourceReload-10/WARN]: Missing texture references in model minecraft:item/nameable_variants/display_case/crimson/blue_glass_crimson:
    particle
[03:00:45] [Worker-ResourceReload-10/WARN]: Missing texture references in model minecraft:item/nameable_variants/display_case/mangrove/white_glass_mangrove:
    particle
[03:00:45] [Worker-ResourceReload-10/WARN]: Missing texture references in model minecraft:item/nameable_variants/display_case/crimson/lime_glass_crimson:
    particle
[03:00:45] [Worker-ResourceReload-10/WARN]: Missing texture references in model minecraft:item/nameable_variants/display_case/bamboo/pink_bamboo:
    particle
[03:00:45] [Worker-ResourceReload-10/WARN]: Missing texture references in model minecraft:item/nameable_variants/display_case/birch/yellow_glass_birch:
    particle
[03:00:45] [Worker-ResourceReload-10/WARN]: Missing texture references in model minecraft:item/music_disc_strad_3d:
    particle
[03:00:45] [Worker-ResourceReload-10/WARN]: Missing texture references in model minecraft:item/nameable_variants/display_case/pale_oak/blue_pale_oak:
    particle
[03:00:45] [Worker-ResourceReload-10/WARN]: Missing texture references in model minecraft:item/nameable_variants/display_case/cherry/blue_cherry:
    particle
[03:00:45] [Worker-ResourceReload-10/WARN]: Missing texture references in model minecraft:item/nameable_variants/display_case/spruce/cyan_spruce:
    particle
[03:00:45] [Worker-ResourceReload-10/WARN]: Missing texture references in model minecraft:item/nameable_variants/display_case/jungle/white_glass_jungle:
    particle
[03:00:45] [Worker-ResourceReload-10/WARN]: Missing texture references in model minecraft:item/nameable_variants/display_case/oak/purple_glass_oak:
    particle
[03:00:45] [Worker-ResourceReload-10/WARN]: Missing texture references in model minecraft:item/nameable_variants/display_case/acacia/light_blue_glass_acacia:
    particle
[03:00:45] [Worker-ResourceReload-10/WARN]: Missing texture references in model minecraft:item/nameable_variants/display_case/dark_oak/pink_glass_dark_oak:
    particle
[03:00:45] [Worker-ResourceReload-10/WARN]: Missing texture references in model minecraft:item/books_3d/fire_protection_3d_open:
    particle
[03:00:45] [Worker-ResourceReload-10/WARN]: Missing texture references in model minecraft:item/nameable_variants/display_case/oak/purple_oak:
    particle
[03:00:45] [Worker-ResourceReload-10/WARN]: Missing texture references in model minecraft:item/nameable_variants/display_case/birch/black_glass_birch:
    particle
[03:00:45] [Worker-ResourceReload-10/WARN]: Missing texture references in model minecraft:item/nameable_variants/display_case/birch/white_glass_birch:
    particle
[03:00:45] [Worker-ResourceReload-10/WARN]: Missing texture references in model minecraft:item/nameable_variants/display_case/pale_oak/white_glass_pale_oak:
    particle
[03:00:45] [Worker-ResourceReload-10/WARN]: Missing texture references in model minecraft:item/nameable_variants/display_case/bamboo/white_bamboo:
    particle
[03:00:45] [Worker-ResourceReload-10/WARN]: Missing texture references in model minecraft:item/nameable_variants/display_case/jungle/lime_jungle:
    particle
[03:00:45] [Worker-ResourceReload-10/WARN]: Missing texture references in model minecraft:item/nameable_variants/display_case/dark_oak/gray_dark_oak:
    particle
[03:00:45] [Worker-ResourceReload-10/WARN]: Missing texture references in model minecraft:item/nameable_variants/display_case/acacia/purple_acacia:
    particle
[03:00:45] [Worker-ResourceReload-10/WARN]: Missing texture references in model minecraft:item/nameable_variants/display_case/crimson/light_blue_glass_crimson:
    particle
[03:00:45] [Worker-ResourceReload-10/WARN]: Missing texture references in model minecraft:item/nameable_variants/display_case/mangrove/yellow_glass_mangrove:
    particle
[03:00:45] [Worker-ResourceReload-10/WARN]: Missing texture references in model minecraft:item/books_3d/blast_protection_3d_open:
    particle
[03:00:45] [Worker-ResourceReload-10/WARN]: Missing texture references in model minecraft:item/books_3d/book_3d_open:
    particle
[03:00:45] [Worker-ResourceReload-10/WARN]: Missing texture references in model minecraft:item/nameable_variants/display_case/crimson/black_glass_crimson:
    particle
[03:00:45] [Worker-ResourceReload-10/WARN]: Missing texture references in model minecraft:item/nameable_variants/display_case/bamboo/red_glass_bamboo:
    particle
[03:00:45] [Worker-ResourceReload-10/WARN]: Missing texture references in model minecraft:item/lapis_lazuli_3d:
    particle
[03:00:45] [Worker-ResourceReload-10/WARN]: Missing texture references in model minecraft:item/nameable_variants/display_case/jungle/orange_jungle:
    particle
[03:00:45] [Worker-ResourceReload-10/WARN]: Missing texture references in model minecraft:item/music_disc_creator_music_box_3d:
    particle
[03:00:45] [Worker-ResourceReload-10/WARN]: Missing texture references in model minecraft:item/nameable_variants/display_case/warped/white_warped:
    particle
[03:00:45] [Worker-ResourceReload-10/WARN]: Missing texture references in model minecraft:item/nameable_variants/display_case/mangrove/pink_glass_mangrove:
    particle
[03:00:45] [Worker-ResourceReload-10/WARN]: Missing texture references in model minecraft:item/nameable_variants/display_case/cherry/white_cherry:
    particle
[03:00:45] [Worker-ResourceReload-10/WARN]: Missing texture references in model minecraft:item/nameable_variants/display_case/pale_oak/light_blue_pale_oak:
    particle
[03:00:45] [Worker-ResourceReload-10/WARN]: Missing texture references in model minecraft:item/nameable_variants/display_case/dark_oak/cyan_dark_oak:
    particle
[03:00:45] [Worker-ResourceReload-10/WARN]: Missing texture references in model minecraft:item/mace_in_hand:
    particle
[03:00:45] [Worker-ResourceReload-10/WARN]: Missing texture references in model minecraft:item/nameable_variants/display_case/acacia/yellow_acacia:
    particle
[03:00:45] [Worker-ResourceReload-10/WARN]: Missing texture references in model minecraft:item/nameable_variants/display_case/spruce/gray_glass_spruce:
    particle
[03:00:45] [Worker-ResourceReload-10/WARN]: Missing texture references in model minecraft:item/nameable_variants/display_case/oak/orange_oak:
    particle
[03:00:45] [Worker-ResourceReload-10/WARN]: Missing texture references in model minecraft:item/nameable_variants/display_case/birch/light_blue_birch:
    particle
[03:00:45] [Worker-ResourceReload-10/WARN]: Missing texture references in model minecraft:item/nameable_variants/display_case/dark_oak/black_glass_dark_oak:
    particle
[03:00:45] [Worker-ResourceReload-10/WARN]: Missing texture references in model minecraft:item/nameable_variants/display_case/dark_oak/yellow_dark_oak:
    particle
[03:00:45] [Worker-ResourceReload-10/WARN]: Missing texture references in model minecraft:item/nameable_variants/display_case/lapis_lazuli_display_case:
    particle
[03:00:45] [Worker-ResourceReload-10/WARN]: Missing texture references in model minecraft:item/nameable_variants/display_case/pale_oak/yellow_glass_pale_oak:
    particle
[03:00:45] [Worker-ResourceReload-10/WARN]: Missing texture references in model minecraft:item/music_disc_far_3d:
    particle
[03:00:45] [Worker-ResourceReload-10/WARN]: Missing texture references in model minecraft:item/books_3d/smite_3d_open:
    particle
[03:00:45] [Worker-ResourceReload-10/WARN]: Missing texture references in model minecraft:item/nameable_variants/display_case/spruce/gray_spruce:
    particle
[03:00:45] [Worker-ResourceReload-10/WARN]: Missing texture references in model minecraft:item/nameable_variants/display_case/pale_oak/orange_pale_oak:
    particle
[03:00:45] [Worker-ResourceReload-10/WARN]: Missing texture references in model minecraft:item/nameable_variants/display_case/bamboo/cyan_bamboo:
    particle
[03:00:45] [Worker-ResourceReload-10/WARN]: Missing texture references in model minecraft:item/music_disc_cat_3d:
    particle
[03:00:45] [Worker-ResourceReload-10/WARN]: Missing texture references in model minecraft:item/nameable_variants/display_case/bamboo/light_gray_bamboo:
    particle
[03:00:45] [Worker-ResourceReload-10/WARN]: Missing texture references in model minecraft:item/nameable_variants/display_case/spruce/yellow_spruce:
    particle
[03:00:45] [Worker-ResourceReload-10/WARN]: Missing texture references in model minecraft:item/books_3d/lunge_3d_open:
    particle
[03:00:45] [Worker-ResourceReload-10/WARN]: Missing texture references in model minecraft:item/nameable_variants/display_case/warped/light_blue_warped:
    particle
[03:00:45] [Worker-ResourceReload-10/WARN]: Missing texture references in model minecraft:item/nameable_variants/display_case/cherry/white_glass_cherry:
    particle
[03:00:45] [Worker-ResourceReload-10/WARN]: Missing texture references in model minecraft:block/flowering_azalea_leaves_canopy_2:
    particle
[03:00:45] [Worker-ResourceReload-10/WARN]: Missing texture references in model minecraft:block/jungle_leaves_canopy_1:
    particle
[03:00:45] [Worker-ResourceReload-10/WARN]: Missing texture references in model minecraft:block/jungle_leaves_canopy_2:
    particle
[03:00:45] [Worker-ResourceReload-10/WARN]: Missing texture references in model minecraft:item/nameable_variants/display_case/mangrove/gray_mangrove:
    particle
[03:00:45] [Worker-ResourceReload-10/WARN]: Missing texture references in model minecraft:block/flowering_azalea_leaves_canopy_1:
    particle
[03:00:45] [Worker-ResourceReload-10/WARN]: Missing texture references in model minecraft:item/nameable_variants/display_case/acacia/black_acacia:
    particle
[03:00:45] [Worker-ResourceReload-10/WARN]: Missing texture references in model minecraft:item/nameable_variants/display_case/oak/cyan_oak:
    particle
[03:00:45] [Worker-ResourceReload-10/WARN]: Missing texture references in model minecraft:item/music_disc_mall_3d:
    particle
[03:00:45] [Worker-ResourceReload-10/WARN]: Missing texture references in model minecraft:item/nameable_variants/display_case/mangrove/red_glass_mangrove:
    particle
[03:00:45] [Worker-ResourceReload-10/WARN]: Missing texture references in model minecraft:item/music_disc_lava_chicken_3d:
    particle
[03:00:45] [Worker-ResourceReload-10/WARN]: Missing texture references in model minecraft:item/books_3d/written_book_3d_open:
    particle
[03:00:45] [Worker-ResourceReload-10/WARN]: Missing texture references in model minecraft:item/nameable_variants/display_case/acacia/orange_acacia:
    particle
[03:00:45] [Worker-ResourceReload-10/WARN]: Missing texture references in model minecraft:item/nameable_variants/display_case/mangrove/blue_glass_mangrove:
    particle
[03:00:45] [Worker-ResourceReload-10/WARN]: Missing texture references in model minecraft:item/nameable_variants/display_case/oak/black_glass_oak:
    particle
[03:00:45] [Worker-ResourceReload-10/WARN]: Missing texture references in model minecraft:item/nameable_variants/display_case/oak/magenta_oak:
    particle
[03:00:45] [Worker-ResourceReload-10/WARN]: Missing texture references in model minecraft:item/nameable_variants/display_case/spruce/white_spruce:
    particle
[03:00:45] [Worker-ResourceReload-10/WARN]: Missing texture references in model minecraft:item/nameable_variants/display_case/acacia/brown_glass_acacia:
    particle
[03:00:45] [Worker-ResourceReload-10/WARN]: Missing texture references in model minecraft:item/nameable_variants/display_case/bamboo/light_blue_glass_bamboo:
    particle
[03:00:45] [Worker-ResourceReload-10/WARN]: Missing texture references in model minecraft:item/nameable_variants/display_case/mangrove/cyan_glass_mangrove:
    particle
[03:00:45] [Worker-ResourceReload-10/WARN]: Missing texture references in model minecraft:item/nameable_variants/display_case/jungle/gray_glass_jungle:
    particle
[03:00:45] [Worker-ResourceReload-10/WARN]: Missing texture references in model minecraft:block/oak_leaves_canopy_1:
    particle
[03:00:45] [Worker-ResourceReload-10/WARN]: Missing texture references in model minecraft:item/nameable_variants/display_case/birch/light_blue_glass_birch:
    particle
[03:00:45] [Worker-ResourceReload-10/WARN]: Missing texture references in model minecraft:item/warped_fungus_3d:
    particle
[03:00:45] [Worker-ResourceReload-10/WARN]: Missing texture references in model minecraft:item/nameable_variants/display_case/bamboo/light_gray_glass_bamboo:
    particle
[03:00:45] [Worker-ResourceReload-10/WARN]: Missing texture references in model minecraft:item/crimson_nylium:
    particle
[03:00:45] [Worker-ResourceReload-10/WARN]: Missing texture references in model minecraft:block/nether_wart_block_canopy_2:
    particle
[03:00:45] [Worker-ResourceReload-10/WARN]: Missing texture references in model minecraft:block/nether_wart_block_canopy_1:
    particle
[03:00:45] [Worker-ResourceReload-10/WARN]: Missing texture references in model minecraft:item/music_disc_wait_3d:
    particle
[03:00:45] [Worker-ResourceReload-10/WARN]: Missing texture references in model minecraft:item/nameable_variants/display_case/cherry/light_blue_cherry:
    particle
[03:00:45] [Worker-ResourceReload-10/WARN]: Missing texture references in model minecraft:item/nameable_variants/display_case/raw_gold_display_case:
    particle
[03:00:45] [Worker-ResourceReload-10/WARN]: Missing texture references in model minecraft:item/nameable_variants/display_case/warped/cyan_glass_warped:
    particle
[03:00:45] [Worker-ResourceReload-10/WARN]: Missing texture references in model minecraft:item/nameable_variants/display_case/crimson/pink_crimson:
    particle
[03:00:45] [Worker-ResourceReload-10/WARN]: Missing texture references in model minecraft:item/nameable_variants/display_case/warped/orange_warped:
    particle
[03:00:45] [Worker-ResourceReload-10/WARN]: Missing texture references in model minecraft:block/red_poplar_leaves_canopy_1:
    particle
[03:00:45] [Worker-ResourceReload-10/WARN]: Missing texture references in model minecraft:item/nameable_variants/display_case/jungle/black_jungle:
    particle
[03:00:45] [Worker-ResourceReload-10/WARN]: Missing texture references in model minecraft:item/nameable_variants/display_case/cherry/purple_glass_cherry:
    particle
[03:00:45] [Worker-ResourceReload-10/WARN]: Missing texture references in model minecraft:item/nameable_variants/display_case/warped/lime_warped:
    particle
[03:00:45] [Worker-ResourceReload-10/WARN]: Missing texture references in model minecraft:item/nameable_variants/display_case/dark_oak/red_dark_oak:
    particle
[03:00:45] [Worker-ResourceReload-10/WARN]: Missing texture references in model minecraft:item/nameable_variants/display_case/cherry/light_gray_cherry:
    particle
[03:00:45] [Worker-ResourceReload-10/WARN]: Missing texture references in model minecraft:item/nameable_variants/display_case/pale_oak/purple_pale_oak:
    particle
[03:00:45] [Worker-ResourceReload-10/WARN]: Missing texture references in model minecraft:item/books_3d/silk_touch_3d_open:
    particle
[03:00:45] [Worker-ResourceReload-10/WARN]: Missing texture references in model minecraft:item/nameable_variants/display_case/oak/blue_oak:
    particle
[03:00:45] [Worker-ResourceReload-10/WARN]: Missing texture references in model minecraft:item/nameable_variants/display_case/spruce/white_glass_spruce:
    particle
[03:00:45] [Worker-ResourceReload-10/WARN]: Missing texture references in model minecraft:block/azalea_leaves_canopy_2:
    particle
[03:00:45] [Worker-ResourceReload-10/WARN]: Missing texture references in model minecraft:block/azalea_leaves_canopy_1:
    particle
[03:00:45] [Worker-ResourceReload-10/WARN]: Missing texture references in model minecraft:item/nameable_variants/display_case/oak/light_blue_glass_oak:
    particle
[03:00:45] [Worker-ResourceReload-10/WARN]: Missing texture references in model minecraft:item/nameable_variants/display_case/spruce/light_blue_spruce:
    particle
[03:00:45] [Worker-ResourceReload-10/WARN]: Missing texture references in model minecraft:item/nameable_variants/display_case/warped/yellow_glass_warped:
    particle
[03:00:45] [Worker-ResourceReload-10/WARN]: Missing texture references in model minecraft:item/nameable_variants/display_case/mangrove/brown_mangrove:
    particle
[03:00:45] [Worker-ResourceReload-10/WARN]: Missing texture references in model minecraft:item/nameable_variants/display_case/birch/cyan_glass_birch:
    particle
[03:00:45] [Worker-ResourceReload-10/WARN]: Missing texture references in model minecraft:item/nameable_variants/display_case/mangrove/white_mangrove:
    particle
[03:00:45] [Worker-ResourceReload-10/WARN]: Missing texture references in model minecraft:block/cherry_leaves_canopy_1:
    particle
[03:00:45] [Worker-ResourceReload-10/WARN]: Missing texture references in model minecraft:block/cherry_leaves_canopy_2:
    particle
[03:00:45] [Worker-ResourceReload-10/WARN]: Missing texture references in model minecraft:item/nameable_variants/display_case/warped/purple_glass_warped:
    particle
[03:00:45] [Worker-ResourceReload-10/WARN]: Missing texture references in model minecraft:item/nameable_variants/display_case/oak/orange_glass_oak:
    particle
[03:00:45] [Worker-ResourceReload-10/WARN]: Missing texture references in model minecraft:item/nameable_variants/display_case/crimson/magenta_crimson:
    particle
[03:00:45] [Worker-ResourceReload-10/WARN]: Missing texture references in model minecraft:item/nameable_variants/display_case/crimson/black_crimson:
    particle
[03:00:45] [Worker-ResourceReload-10/WARN]: Missing texture references in model minecraft:item/books_3d/quick_charge_3d_open:
    particle
[03:00:45] [Worker-ResourceReload-10/WARN]: Missing texture references in model minecraft:item/nameable_variants/display_case/quartz_display_case:
    particle
[03:00:45] [Worker-ResourceReload-10/WARN]: Missing texture references in model minecraft:item/nameable_variants/display_case/birch/purple_birch:
    particle
[03:00:45] [Worker-ResourceReload-10/WARN]: Missing texture references in model minecraft:item/nameable_variants/display_case/spruce/cyan_glass_spruce:
    particle
[03:00:45] [Worker-ResourceReload-10/WARN]: Missing texture references in model minecraft:item/nameable_variants/display_case/pale_oak/orange_glass_pale_oak:
    particle
[03:00:45] [Worker-ResourceReload-10/WARN]: Missing texture references in model minecraft:item/nameable_variants/display_case/birch/pink_birch:
    particle
[03:00:45] [Worker-ResourceReload-10/WARN]: Missing texture references in model minecraft:item/nameable_variants/display_case/mangrove/magenta_mangrove:
    particle
[03:00:45] [Worker-ResourceReload-10/WARN]: Missing texture references in model minecraft:item/nameable_variants/display_case/crimson/pink_glass_crimson:
    particle
[03:00:45] [Worker-ResourceReload-10/WARN]: Missing texture references in model minecraft:item/crimson_fungus_3d:
    particle
[03:00:45] [Worker-ResourceReload-10/WARN]: Missing texture references in model minecraft:item/sand_block:
    particle
[03:00:45] [Worker-ResourceReload-10/WARN]: Missing texture references in model minecraft:item/books_3d/impaling_3d_open:
    particle
[03:00:45] [Worker-ResourceReload-10/WARN]: Missing texture references in model minecraft:item/nameable_variants/display_case/pale_oak/cyan_pale_oak:
    particle
[03:00:45] [Worker-ResourceReload-10/WARN]: Missing texture references in model minecraft:item/nameable_variants/display_case/dark_oak/white_glass_dark_oak:
    particle
[03:00:45] [Worker-ResourceReload-10/WARN]: Missing texture references in model minecraft:item/nameable_variants/display_case/birch/orange_birch:
    particle
[03:00:45] [Worker-ResourceReload-10/WARN]: Missing texture references in model minecraft:item/nameable_variants/display_case/warped/green_glass_warped:
    particle
[03:00:45] [Worker-ResourceReload-10/WARN]: Missing texture references in model minecraft:item/nameable_variants/display_case/spruce/green_glass_spruce:
    particle
[03:00:45] [Worker-ResourceReload-10/WARN]: Missing texture references in model minecraft:item/pointed_dripstone_3d:
    particle
[03:00:45] [Worker-ResourceReload-10/WARN]: Missing texture references in model minecraft:item/nameable_variants/display_case/birch/light_gray_glass_birch:
    particle
[03:00:45] [Worker-ResourceReload-10/WARN]: Missing texture references in model minecraft:item/podzol_grass:
    particle
[03:00:45] [Worker-ResourceReload-10/WARN]: Missing texture references in model minecraft:item/nameable_variants/display_case/acacia/light_blue_acacia:
    particle
[03:00:45] [Worker-ResourceReload-10/WARN]: Missing texture references in model minecraft:item/nameable_variants/display_case/acacia/green_acacia:
    particle
[03:00:45] [Worker-ResourceReload-10/WARN]: Missing texture references in model minecraft:item/nameable_variants/display_case/cherry/cyan_glass_cherry:
    particle
[03:00:45] [Worker-ResourceReload-10/WARN]: Missing texture references in model minecraft:item/nameable_variants/display_case/oak/red_oak:
    particle
[03:00:45] [Worker-ResourceReload-10/WARN]: Missing texture references in model minecraft:item/nameable_variants/display_case/crimson/yellow_glass_crimson:
    particle
[03:00:45] [Worker-ResourceReload-10/WARN]: Missing texture references in model minecraft:item/nameable_variants/display_case/jungle/yellow_jungle:
    particle
[03:00:45] [Worker-ResourceReload-10/WARN]: Missing texture references in model minecraft:item/nameable_variants/display_case/spruce/green_spruce:
    particle
[03:00:45] [Worker-ResourceReload-10/WARN]: Missing texture references in model minecraft:item/nameable_variants/display_case/acacia/pink_glass_acacia:
    particle
[03:00:45] [Worker-ResourceReload-10/WARN]: Missing texture references in model minecraft:item/nameable_variants/display_case/pale_oak/green_pale_oak:
    particle
[03:00:45] [Worker-ResourceReload-10/WARN]: Missing texture references in model minecraft:item/nameable_variants/display_case/amethyst_shard_display_case:
    particle
[03:00:45] [Worker-ResourceReload-10/WARN]: Missing texture references in model minecraft:item/music_disc_tears_3d:
    particle
[03:00:45] [Worker-ResourceReload-10/WARN]: Missing texture references in model minecraft:item/nameable_variants/display_case/crimson/brown_crimson:
    particle
[03:00:45] [Worker-ResourceReload-10/WARN]: Missing texture references in model minecraft:item/nameable_variants/display_case/cherry/yellow_cherry:
    particle
[03:00:45] [Worker-ResourceReload-10/WARN]: Missing texture references in model minecraft:item/nameable_variants/display_case/pale_oak/light_blue_glass_pale_oak:
    particle
[03:00:45] [Worker-ResourceReload-10/WARN]: Missing texture references in model minecraft:item/nameable_variants/display_case/acacia/magenta_acacia:
    particle
[03:00:45] [Worker-ResourceReload-10/WARN]: Missing texture references in model minecraft:item/books_3d/sharpness_3d_open:
    particle
[03:00:45] [Worker-ResourceReload-10/WARN]: Missing texture references in model minecraft:item/nameable_variants/display_case/warped/magenta_warped:
    particle
[03:00:45] [Worker-ResourceReload-10/WARN]: Missing texture references in model minecraft:item/music_disc_stal_3d:
    particle
[03:00:45] [Worker-ResourceReload-10/WARN]: Missing texture references in model minecraft:item/nameable_variants/display_case/crimson/gray_glass_crimson:
    particle
[03:00:45] [Worker-ResourceReload-10/WARN]: Missing texture references in model minecraft:item/nameable_variants/display_case/mangrove/light_blue_mangrove:
    particle
[03:00:45] [Worker-ResourceReload-10/WARN]: Missing texture references in model minecraft:item/nameable_variants/display_case/warped/light_gray_glass_warped:
    particle
[03:00:45] [Worker-ResourceReload-10/WARN]: Missing texture references in model minecraft:item/nameable_variants/display_case/birch/purple_glass_birch:
    particle
[03:00:45] [Worker-ResourceReload-10/WARN]: Missing texture references in model minecraft:item/nameable_variants/display_case/warped/brown_warped:
    particle
[03:00:45] [Worker-ResourceReload-10/WARN]: Missing texture references in model minecraft:item/music_disc_relic_3d:
    particle
[03:00:45] [Worker-ResourceReload-10/WARN]: Missing texture references in model minecraft:item/nameable_variants/display_case/jungle/light_blue_jungle:
    particle
[03:00:45] [Worker-ResourceReload-10/WARN]: Missing texture references in model minecraft:item/nameable_variants/display_case/warped/light_gray_warped:
    particle
[03:00:45] [Worker-ResourceReload-10/WARN]: Missing texture references in model minecraft:block/acacia_leaves_canopy_2:
    particle
[03:00:45] [Worker-ResourceReload-10/WARN]: Missing texture references in model minecraft:item/nameable_variants/display_case/spruce/red_glass_spruce:
    particle
[03:00:45] [Worker-ResourceReload-10/WARN]: Missing texture references in model minecraft:block/acacia_leaves_canopy_1:
    particle
[03:00:45] [Worker-ResourceReload-10/WARN]: Missing texture references in model minecraft:item/nameable_variants/display_case/bamboo/yellow_glass_bamboo:
    particle
[03:00:45] [Worker-ResourceReload-10/WARN]: Missing texture references in model minecraft:item/mangrove_propagule_3d:
    particle
[03:00:45] [Worker-ResourceReload-10/WARN]: Missing texture references in model minecraft:item/nameable_variants/display_case/warped/white_glass_warped:
    particle
[03:00:45] [Worker-ResourceReload-10/WARN]: Missing texture references in model minecraft:item/nameable_variants/display_case/bamboo/light_blue_bamboo:
    particle
[03:00:45] [Worker-ResourceReload-10/WARN]: Missing texture references in model minecraft:item/nameable_variants/display_case/mangrove/gray_glass_mangrove:
    particle
[03:00:45] [Worker-ResourceReload-10/WARN]: Missing texture references in model minecraft:item/nameable_variants/display_case/oak/lime_oak:
    particle
[03:00:45] [Worker-ResourceReload-10/WARN]: Missing texture references in model minecraft:item/nameable_variants/display_case/bamboo/red_bamboo:
    particle
[03:00:45] [Worker-ResourceReload-10/WARN]: Missing texture references in model minecraft:item/nameable_variants/display_case/warped/purple_warped:
    particle
[03:00:45] [Worker-ResourceReload-10/WARN]: Missing texture references in model minecraft:item/grass_block_top:
    particle
[03:00:45] [Worker-ResourceReload-10/WARN]: Missing texture references in model minecraft:item/nameable_variants/display_case/bamboo/pink_glass_bamboo:
    particle
[03:00:45] [Worker-ResourceReload-10/WARN]: Missing texture references in model minecraft:item/nameable_variants/display_case/warped/pink_warped:
    particle
[03:00:45] [Worker-ResourceReload-10/WARN]: Missing texture references in model minecraft:item/nameable_variants/display_case/spruce/blue_spruce:
    particle
[03:00:45] [Worker-ResourceReload-10/WARN]: Missing texture references in model minecraft:item/nameable_variants/display_case/warped/yellow_warped:
    particle
[03:00:45] [Worker-ResourceReload-10/WARN]: Missing texture references in model minecraft:item/nameable_variants/display_case/acacia/light_gray_acacia:
    particle
[03:00:45] [Worker-ResourceReload-10/WARN]: Missing texture references in model minecraft:item/nameable_variants/display_case/dark_oak/orange_glass_dark_oak:
    particle
[03:00:45] [Worker-ResourceReload-10/WARN]: Missing texture references in model minecraft:item/nameable_variants/display_case/dark_oak/light_blue_dark_oak:
    particle
[03:00:45] [Worker-ResourceReload-10/WARN]: Missing texture references in model minecraft:item/nameable_variants/display_case/dark_oak/brown_glass_dark_oak:
    particle
[03:00:45] [Worker-ResourceReload-10/WARN]: Missing texture references in model minecraft:item/nameable_variants/display_case/spruce/red_spruce:
    particle
[03:00:45] [Worker-ResourceReload-10/WARN]: Missing texture references in model minecraft:block/birch_leaves_canopy_1:
    particle
[03:00:45] [Worker-ResourceReload-10/WARN]: Missing texture references in model minecraft:item/nameable_variants/display_case/crimson/light_blue_crimson:
    particle
[03:00:45] [Worker-ResourceReload-10/WARN]: Missing texture references in model minecraft:item/nameable_variants/display_case/warped/gray_warped:
    particle
[03:00:45] [Worker-ResourceReload-10/WARN]: Missing texture references in model minecraft:item/books_3d/multishot_3d:
    particle
[03:00:45] [Worker-ResourceReload-10/WARN]: Missing texture references in model minecraft:item/birch_forest_grass:
    particle
[03:00:45] [Worker-ResourceReload-10/WARN]: Missing texture references in model minecraft:item/books_3d/breach_3d_open:
    particle
[03:00:45] [Worker-ResourceReload-10/WARN]: Missing texture references in model minecraft:item/savanna_grass:
    particle
[03:00:45] [Worker-ResourceReload-10/WARN]: Missing texture references in model minecraft:item/cherry_grove_grass:
    particle
[03:00:45] [Worker-ResourceReload-10/WARN]: Missing texture references in model minecraft:item/nameable_variants/display_case/acacia/lime_glass_acacia:
    particle
[03:00:45] [Worker-ResourceReload-10/WARN]: Missing texture references in model minecraft:item/spore_blossom_3d:
    particle
[03:00:45] [Worker-ResourceReload-10/WARN]: Missing texture references in model minecraft:item/nameable_variants/display_case/birch/magenta_birch:
    particle
[03:00:45] [Worker-ResourceReload-10/WARN]: Missing texture references in model minecraft:item/nameable_variants/display_case/bamboo/cyan_glass_bamboo:
    particle
[03:00:45] [Worker-ResourceReload-10/WARN]: Missing texture references in model minecraft:item/nameable_variants/display_case/spruce/pink_spruce:
    particle
[03:00:45] [Worker-ResourceReload-10/WARN]: Missing texture references in model minecraft:item/nameable_variants/display_case/pale_oak/red_pale_oak:
    particle
[03:00:45] [Worker-ResourceReload-10/WARN]: Missing texture references in model minecraft:item/nameable_variants/display_case/mangrove/orange_glass_mangrove:
    particle
[03:00:45] [Worker-ResourceReload-10/WARN]: Missing texture references in model minecraft:item/nameable_variants/display_case/cherry/pink_glass_cherry:
    particle
[03:00:45] [Worker-ResourceReload-10/WARN]: Missing texture references in model minecraft:item/nameable_variants/display_case/crimson/magenta_glass_crimson:
    particle
[03:00:45] [Worker-ResourceReload-10/WARN]: Missing texture references in model minecraft:item/nameable_variants/display_case/spruce/pink_glass_spruce:
    particle
[03:00:45] [Worker-ResourceReload-10/WARN]: Missing texture references in model cubicleaves:block/empty:
    particle
[03:00:45] [Worker-ResourceReload-10/WARN]: Missing texture references in model minecraft:item/nameable_variants/display_case/pale_oak/purple_glass_pale_oak:
    particle
[03:00:45] [Worker-ResourceReload-10/WARN]: Missing texture references in model minecraft:item/nameable_variants/display_case/crimson/cyan_glass_crimson:
    particle
[03:00:45] [Worker-ResourceReload-10/WARN]: Missing texture references in model minecraft:item/books_3d/knowledge_book_3d_open:
    particle
[03:00:45] [Worker-ResourceReload-10/WARN]: Missing texture references in model minecraft:item/music_disc_5_3d:
    particle
[03:00:45] [Worker-ResourceReload-10/WARN]: Missing texture references in model minecraft:item/books_3d/multishot_3d_open:
    particle
[03:00:45] [Worker-ResourceReload-10/WARN]: Missing texture references in model minecraft:item/nameable_variants/display_case/mangrove/green_glass_mangrove:
    particle
[03:00:45] [Worker-ResourceReload-10/WARN]: Missing texture references in model minecraft:item/nameable_variants/display_case/pale_oak/pink_pale_oak:
    particle
[03:00:45] [Worker-ResourceReload-10/WARN]: Missing texture references in model minecraft:item/nameable_variants/display_case/mangrove/black_glass_mangrove:
    particle
[03:00:45] [Worker-ResourceReload-10/WARN]: Missing texture references in model minecraft:item/nameable_variants/display_case/jungle/purple_jungle:
    particle
[03:00:45] [Worker-ResourceReload-10/WARN]: Missing texture references in model minecraft:item/nameable_variants/display_case/birch/brown_birch:
    particle
[03:00:45] [Worker-ResourceReload-10/WARN]: Missing texture references in model minecraft:item/nameable_variants/display_case/dark_oak/green_dark_oak:
    particle
[03:00:45] [Worker-ResourceReload-10/WARN]: Missing texture references in model minecraft:item/nameable_variants/display_case/crimson/green_crimson:
    particle
[03:00:45] [Worker-ResourceReload-10/WARN]: Missing texture references in model minecraft:item/nameable_variants/display_case/jungle/purple_glass_jungle:
    particle
[03:00:45] [Worker-ResourceReload-10/WARN]: Missing texture references in model minecraft:item/nameable_variants/display_case/pale_oak/blue_glass_pale_oak:
    particle
[03:00:45] [Worker-ResourceReload-10/WARN]: Missing texture references in model minecraft:item/nameable_variants/display_case/pale_oak/green_glass_pale_oak:
    particle
[03:00:45] [Worker-ResourceReload-10/WARN]: Missing texture references in model minecraft:item/nameable_variants/display_case/warped/blue_glass_warped:
    particle
[03:00:45] [Worker-ResourceReload-10/WARN]: Missing texture references in model minecraft:item/nameable_variants/display_case/oak/pink_oak:
    particle
[03:00:45] [Worker-ResourceReload-10/WARN]: Missing texture references in model minecraft:item/disc_fragment_5_3d:
    particle
[03:00:45] [Worker-ResourceReload-10/WARN]: Missing texture references in model minecraft:item/nameable_variants/display_case/bamboo/lime_glass_bamboo:
    particle
[03:00:45] [Worker-ResourceReload-10/WARN]: Missing texture references in model minecraft:item/nameable_variants/display_case/pale_oak/black_glass_pale_oak:
    particle
[03:00:45] [Worker-ResourceReload-10/WARN]: Missing texture references in model minecraft:item/music_disc_13_3d:
    particle
[03:00:45] [Worker-ResourceReload-10/WARN]: Missing texture references in model minecraft:item/nameable_variants/display_case/birch/green_birch:
    particle
[03:00:45] [Worker-ResourceReload-10/WARN]: Missing texture references in model minecraft:item/nameable_variants/display_case/birch/yellow_birch:
    particle
[03:00:45] [Worker-ResourceReload-10/WARN]: Missing texture references in model minecraft:item/nameable_variants/display_case/dark_oak/blue_glass_dark_oak:
    particle
[03:00:45] [Worker-ResourceReload-10/WARN]: Missing texture references in model minecraft:item/nameable_variants/display_case/bamboo/lime_bamboo:
    particle
[03:00:45] [Worker-ResourceReload-10/WARN]: Missing texture references in model minecraft:item/nameable_variants/display_case/pale_oak/cyan_glass_pale_oak:
    particle
[03:00:45] [Worker-ResourceReload-10/WARN]: Missing texture references in model minecraft:item/nameable_variants/display_case/bamboo/orange_glass_bamboo:
    particle
[03:00:45] [Worker-ResourceReload-10/WARN]: Missing texture references in model minecraft:item/nameable_variants/display_case/birch/white_birch:
    particle
[03:00:45] [Worker-ResourceReload-10/WARN]: Missing texture references in model minecraft:item/rooted_dirt_block:
    particle
[03:00:45] [Worker-ResourceReload-10/WARN]: Missing texture references in model minecraft:item/nameable_variants/display_case/cherry/lime_glass_cherry:
    particle
[03:00:45] [Worker-ResourceReload-10/WARN]: Missing texture references in model minecraft:item/nameable_variants/display_case/jungle/cyan_jungle:
    particle
[03:00:45] [Worker-ResourceReload-10/WARN]: Missing texture references in model minecraft:item/nameable_variants/display_case/jungle/magenta_jungle:
    particle
[03:00:45] [Worker-ResourceReload-10/WARN]: Missing texture references in model minecraft:item/nameable_variants/display_case/crimson/blue_crimson:
    particle
[03:00:45] [Worker-ResourceReload-10/WARN]: Missing texture references in model minecraft:item/nameable_variants/display_case/cherry/yellow_glass_cherry:
    particle
[03:00:45] [Worker-ResourceReload-10/WARN]: Missing texture references in model minecraft:item/nameable_variants/display_case/crimson/orange_glass_crimson:
    particle
[03:00:45] [Worker-ResourceReload-10/WARN]: Missing texture references in model minecraft:item/nameable_variants/display_case/bamboo/orange_bamboo:
    particle
[03:00:45] [Worker-ResourceReload-10/WARN]: Missing texture references in model minecraft:item/nameable_variants/display_case/bamboo/green_glass_bamboo:
    particle
[03:00:45] [Worker-ResourceReload-10/WARN]: Missing texture references in model minecraft:item/nameable_variants/display_case/jungle/brown_jungle:
    particle
[03:00:45] [Worker-ResourceReload-10/WARN]: Missing texture references in model minecraft:item/nameable_variants/display_case/warped/red_warped:
    particle
[03:00:45] [Worker-ResourceReload-10/WARN]: Missing texture references in model minecraft:item/nameable_variants/display_case/crimson/brown_glass_crimson:
    particle
[03:00:45] [Worker-ResourceReload-10/WARN]: Missing texture references in model minecraft:block/yellow_poplar_leaves_canopy_1:
    particle
[03:00:45] [Worker-ResourceReload-10/WARN]: Missing texture references in model minecraft:item/nameable_variants/display_case/mangrove/green_mangrove:
    particle
[03:00:45] [Worker-ResourceReload-10/WARN]: Missing texture references in model minecraft:item/nameable_variants/display_case/mangrove/purple_glass_mangrove:
    particle
[03:00:45] [Worker-ResourceReload-10/WARN]: Missing texture references in model minecraft:item/nameable_variants/display_case/raw_iron_display_case:
    particle
[03:00:45] [Worker-ResourceReload-10/WARN]: Missing texture references in model minecraft:item/nameable_variants/display_case/acacia/brown_acacia:
    particle
[03:00:45] [Worker-ResourceReload-10/WARN]: Missing texture references in model minecraft:item/nameable_variants/display_case/acacia/black_glass_acacia:
    particle
[03:00:45] [Worker-ResourceReload-10/WARN]: Missing texture references in model minecraft:block/dark_oak_leaves_canopy_2:
    particle
[03:00:45] [Worker-ResourceReload-10/WARN]: Missing texture references in model minecraft:item/nameable_variants/display_case/mangrove/light_gray_glass_mangrove:
    particle
[03:00:45] [Worker-ResourceReload-10/WARN]: Missing texture references in model minecraft:block/dark_oak_leaves_canopy_1:
    particle
[03:00:45] [Worker-ResourceReload-10/WARN]: Missing texture references in model minecraft:item/nameable_variants/display_case/bamboo/magenta_bamboo:
    particle
[03:00:45] [Worker-ResourceReload-10/WARN]: Missing texture references in model minecraft:item/nameable_variants/display_case/dark_oak/light_blue_glass_dark_oak:
    particle
[03:00:45] [Worker-ResourceReload-10/WARN]: Missing texture references in model minecraft:item/nameable_variants/display_case/spruce/blue_glass_spruce:
    particle
[03:00:45] [Worker-ResourceReload-10/WARN]: Missing texture references in model minecraft:item/nameable_variants/display_case/cherry/magenta_cherry:
    particle
[03:00:45] [Worker-ResourceReload-10/WARN]: Missing texture references in model minecraft:item/nameable_variants/display_case/jungle/white_jungle:
    particle
[03:00:45] [Worker-ResourceReload-10/WARN]: Missing texture references in model minecraft:item/nameable_variants/display_case/jungle/orange_glass_jungle:
    particle
[03:00:45] [Worker-ResourceReload-10/WARN]: Missing texture references in model minecraft:item/nameable_variants/display_case/jungle/pink_jungle:
    particle
[03:00:45] [Worker-ResourceReload-10/WARN]: Missing texture references in model minecraft:item/nameable_variants/display_case/jungle/blue_glass_jungle:
    particle
[03:00:45] [Worker-ResourceReload-10/WARN]: Missing texture references in model minecraft:item/nameable_variants/display_case/oak/cyan_glass_oak:
    particle
[03:00:45] [Worker-ResourceReload-10/WARN]: Missing texture references in model minecraft:item/nameable_variants/display_case/warped/cyan_warped:
    particle
[03:00:45] [Worker-ResourceReload-10/WARN]: Missing texture references in model minecraft:item/nameable_variants/display_case/jungle/green_jungle:
    particle
[03:00:45] [Worker-ResourceReload-10/WARN]: Missing texture references in model minecraft:block/mangrove_leaves_canopy_1:
    particle
[03:00:45] [Worker-ResourceReload-10/WARN]: Missing texture references in model minecraft:block/mangrove_leaves_canopy_2:
    particle
[03:00:45] [Worker-ResourceReload-10/WARN]: Missing texture references in model minecraft:item/books_3d/bane_of_arthropods_3d_open:
    particle
[03:00:45] [Worker-ResourceReload-10/WARN]: Missing texture references in model minecraft:item/nameable_variants/display_case/birch/gray_glass_birch:
    particle
[03:00:45] [Worker-ResourceReload-10/WARN]: Missing texture references in model minecraft:item/nameable_variants/display_case/cherry/blue_glass_cherry:
    particle
[03:00:45] [Worker-ResourceReload-10/WARN]: Missing texture references in model minecraft:item/nameable_variants/display_case/crimson/white_crimson:
    particle
[03:00:45] [Worker-ResourceReload-10/WARN]: Missing texture references in model minecraft:item/music_disc_precipice_3d:
    particle
[03:00:45] [Worker-ResourceReload-10/WARN]: Missing texture references in model minecraft:item/nameable_variants/display_case/birch/cyan_birch:
    particle
[03:00:45] [Worker-ResourceReload-10/WARN]: Missing texture references in model minecraft:item/books_3d/piercing_3d_open:
    particle
[03:00:45] [Worker-ResourceReload-10/WARN]: Missing texture references in model minecraft:item/nameable_variants/display_case/acacia/light_gray_glass_acacia:
    particle
[03:00:45] [Worker-ResourceReload-10/WARN]: Missing texture references in model minecraft:block/pale_oak_leaves_canopy_2:
    particle
[03:00:45] [Worker-ResourceReload-10/WARN]: Missing texture references in model minecraft:block/pale_oak_leaves_canopy_3:
    particle
[03:00:45] [Worker-ResourceReload-10/WARN]: Missing texture references in model minecraft:item/nameable_variants/display_case/oak/brown_glass_oak:
    particle
[03:00:45] [Worker-ResourceReload-10/WARN]: Missing texture references in model minecraft:block/pale_oak_leaves_canopy_1:
    particle
[03:00:45] [Worker-ResourceReload-10/WARN]: Missing texture references in model minecraft:item/nameable_variants/display_case/cherry/orange_cherry:
    particle
[03:00:45] [Worker-ResourceReload-10/WARN]: Missing texture references in model minecraft:item/books_3d/density_3d_open:
    particle
[03:00:45] [Worker-ResourceReload-10/WARN]: Missing texture references in model minecraft:item/nameable_variants/display_case/dark_oak/cyan_glass_dark_oak:
    particle
[03:00:45] [Worker-ResourceReload-10/WARN]: Missing texture references in model minecraft:item/sculk_vein_3d:
    particle
[03:00:45] [Worker-ResourceReload-10/WARN]: Missing texture references in model minecraft:item/nameable_variants/display_case/bamboo/magenta_glass_bamboo:
    particle
[03:00:45] [Worker-ResourceReload-10/WARN]: Missing texture references in model minecraft:item/grass_block_bottom:
    particle
[03:00:45] [Worker-ResourceReload-10/WARN]: Missing texture references in model minecraft:item/nameable_variants/display_case/bamboo/white_glass_bamboo:
    particle
[03:00:45] [Worker-ResourceReload-10/WARN]: Missing texture references in model minecraft:item/nameable_variants/display_case/dark_oak/brown_dark_oak:
    particle
[03:00:45] [Worker-ResourceReload-10/WARN]: Missing texture references in model minecraft:item/nameable_variants/display_case/jungle/cyan_glass_jungle:
    particle
[03:00:45] [Worker-ResourceReload-10/WARN]: Missing texture references in model minecraft:item/nameable_variants/display_case/oak/yellow_oak:
    particle
[03:00:45] [Worker-ResourceReload-10/WARN]: Missing texture references in model minecraft:item/pale_garden_grass:
    particle
[03:00:45] [Worker-ResourceReload-10/WARN]: Missing texture references in model minecraft:item/nameable_variants/display_case/acacia/red_acacia:
    particle
[03:00:45] [Worker-ResourceReload-10/WARN]: Missing texture references in model minecraft:item/warped_nylium:
    particle
[03:00:45] [Worker-ResourceReload-10/WARN]: Missing texture references in model minecraft:item/nameable_variants/display_case/oak/blue_glass_oak:
    particle
[03:00:45] [Worker-ResourceReload-10/WARN]: Missing texture references in model minecraft:item/nameable_variants/display_case/acacia/cyan_glass_acacia:
    particle
[03:00:45] [Worker-ResourceReload-10/WARN]: Missing texture references in model minecraft:item/nameable_variants/display_case/crimson/purple_glass_crimson:
    particle
[03:00:45] [Worker-ResourceReload-10/WARN]: Missing texture references in model minecraft:item/nameable_variants/display_case/cherry/magenta_glass_cherry:
    particle
[03:00:45] [Worker-ResourceReload-10/WARN]: Missing texture references in model minecraft:item/copper_nugget_3d:
    particle
[03:00:45] [Worker-ResourceReload-10/WARN]: Missing texture references in model minecraft:item/nameable_variants/display_case/spruce/light_blue_glass_spruce:
    particle
[03:00:45] [Worker-ResourceReload-10/WARN]: Missing texture references in model minecraft:item/nameable_variants/display_case/cherry/black_cherry:
    particle
[03:00:45] [Worker-ResourceReload-10/WARN]: Missing texture references in model minecraft:item/nameable_variants/display_case/oak/brown_oak:
    particle
[03:00:45] [Worker-ResourceReload-10/WARN]: Missing texture references in model minecraft:item/nameable_variants/display_case/spruce/orange_spruce:
    particle
[03:00:45] [Worker-ResourceReload-10/WARN]: Missing texture references in model minecraft:item/nameable_variants/display_case/warped/black_warped:
    particle
[03:00:45] [Worker-ResourceReload-10/WARN]: Missing texture references in model minecraft:item/oak_forest_grass:
    particle
[03:00:45] [Worker-ResourceReload-10/WARN]: Missing texture references in model minecraft:item/nameable_variants/display_case/spruce/orange_glass_spruce:
    particle
[03:00:45] [Worker-ResourceReload-10/WARN]: Missing texture references in model minecraft:item/nameable_variants/display_case/spruce/brown_glass_spruce:
    particle
[03:00:45] [Worker-ResourceReload-10/WARN]: Missing texture references in model minecraft:item/nameable_variants/display_case/bamboo/purple_glass_bamboo:
    particle
[03:00:45] [Worker-ResourceReload-10/WARN]: Missing texture references in model minecraft:item/books_3d/enchanted_book_3d_open:
    particle
[03:00:45] [Worker-ResourceReload-10/WARN]: Missing texture references in model minecraft:item/nameable_variants/display_case/cherry/light_gray_glass_cherry:
    particle
[03:00:45] [Worker-ResourceReload-10/WARN]: Missing texture references in model minecraft:item/nameable_variants/display_case/jungle/black_glass_jungle:
    particle
[03:00:45] [Worker-ResourceReload-10/WARN]: Missing texture references in model minecraft:item/music_disc_chirp_3d:
    particle
[03:00:45] [Worker-ResourceReload-10/WARN]: Missing texture references in model minecraft:item/nameable_variants/display_case/birch/gray_birch:
    particle
[03:00:45] [Worker-ResourceReload-10/WARN]: Missing texture references in model minecraft:item/nameable_variants/display_case/crimson/lime_crimson:
    particle
[03:00:45] [Worker-ResourceReload-10/WARN]: Missing texture references in model minecraft:item/nameable_variants/display_case/oak/pink_glass_oak:
    particle
[03:00:45] [Worker-ResourceReload-10/WARN]: Missing texture references in model minecraft:item/nameable_variants/display_case/birch/red_glass_birch:
    particle
[03:00:45] [Worker-ResourceReload-10/WARN]: Missing texture references in model minecraft:item/nameable_variants/display_case/spruce/lime_glass_spruce:
    particle
[03:00:45] [Worker-ResourceReload-10/WARN]: Missing texture references in model minecraft:item/nameable_variants/display_case/dark_oak/purple_glass_dark_oak:
    particle
[03:00:45] [Worker-ResourceReload-10/WARN]: Missing texture references in model minecraft:item/nameable_variants/display_case/pale_oak/lime_glass_pale_oak:
    particle
[03:00:45] [Worker-ResourceReload-10/WARN]: Missing texture references in model minecraft:item/nameable_variants/display_case/crimson/gray_crimson:
    particle
[03:00:45] [Worker-ResourceReload-10/WARN]: Missing texture references in model minecraft:item/nameable_variants/display_case/pale_oak/black_pale_oak:
    particle
[03:00:45] [Worker-ResourceReload-10/WARN]: Missing texture references in model minecraft:item/music_disc_otherside_3d:
    particle
[03:00:45] [Worker-ResourceReload-10/WARN]: Missing texture references in model minecraft:item/nameable_variants/display_case/pale_oak/lime_pale_oak:
    particle
[03:00:45] [Worker-ResourceReload-10/WARN]: Missing texture references in model minecraft:item/nameable_variants/display_case/jungle/blue_jungle:
    particle
[03:00:45] [Worker-ResourceReload-10/WARN]: Missing texture references in model minecraft:item/nameable_variants/display_case/bamboo/black_bamboo:
    particle
[03:00:45] [Worker-ResourceReload-10/WARN]: Missing texture references in model minecraft:item/nameable_variants/display_case/oak/light_blue_oak:
    particle
[03:00:45] [Worker-ResourceReload-10/WARN]: Missing texture references in model minecraft:item/nameable_variants/display_case/oak/black_oak:
    particle
[03:00:45] [Worker-ResourceReload-10/WARN]: Missing texture references in model minecraft:item/nameable_variants/display_case/jungle/red_glass_jungle:
    particle
[03:00:45] [Worker-ResourceReload-10/WARN]: Missing texture references in model minecraft:item/nameable_variants/display_case/pale_oak/gray_glass_pale_oak:
    particle
[03:00:45] [Render thread/INFO]: Deserializing Config from 'C:\Users\kamau\AppData\Roaming\ModrinthApp\profiles\F5W\config\dynamiccrosshair.json5'
[03:00:45] [Render thread/INFO]: [Fabric DFU API] Clientside DataFixer Registry is about to freeze
[03:00:45] [Render thread/INFO]: [Fabric DFU API] Clientside DataFixer Registry was frozen
[03:00:45] [Render thread/INFO]: Successfully disabled MoreCulling's blockStateCulling!
[03:00:45] [Render thread/INFO]: Start loading plugin from Balm: net.blay09.mods.balm.platform.compatibility.hudinfo.internal.JadeModIntegration
[03:00:45] [Render thread/INFO]: Start loading plugin from Chest Tracker (Unofficial port): red.jackf.chesttracker.impl.compat.mods.jade.ChestTrackerJadePlugin
[03:00:45] [Render thread/INFO]: Start loading plugin from Jade: snownee.jade.addon.core.CorePlugin
[03:00:45] [Render thread/INFO]: Start loading plugin from Jade: snownee.jade.addon.vanilla.VanillaPlugin
[03:00:45] [Render thread/INFO]: Start loading plugin from Jade: snownee.jade.addon.universal.UniversalPlugin
[03:00:45] [Render thread/INFO]: Start loading plugin from Jade: snownee.jade.addon.access.AccessibilityPlugin
[03:00:45] [Render thread/INFO]: Start loading plugin from Jade: snownee.jade.addon.debug.DebugPlugin
[03:00:45] [Render thread/INFO]: Start loading plugin from Shoulder Surfing Reloaded: com.github.exopandora.shouldersurfing.integration.jade.ShoulderSurfingJadePlugin
[03:00:45] [Render thread/INFO]: Spatial HUD registered Hotbar Slot Cycling's cycle slots for the panel capture.
[03:00:45] [Render thread/INFO]: Loading Xaero's World Map - Stage 2/3
[03:00:46] [Render thread/ERROR]: io exception while checking versions: Online mod data expired! Date: Wed Oct 07 06:36:48 EDT 2026
[03:00:46] [Render thread/INFO]: Registered player tracker system: map_synced
[03:00:46] [Render thread/INFO]: Xaero's WorldMap Mod: Xaero's minimap found!
[03:00:46] [Render thread/INFO]: Registered player tracker system: minimap_synced
[03:00:46] [Render thread/INFO]: No Optifine!
[03:00:46] [Render thread/INFO]: Xaero's World Map: No Vivecraft!
[03:00:46] [Render thread/INFO]: Xaero's World Map: Iris found!
[03:00:46] [Render thread/INFO]: Loading Xaero's World Map - Stage 3/3
[03:00:46] [Render thread/INFO]: New world map region cache hash code: 455357261
[03:00:46] [Render thread/INFO]: Loading Xaero's Minimap - Stage 2/3
[03:00:47] [Render thread/WARN]: io exception while checking versions: Online mod data expired! Date: Wed Oct 07 06:36:48 EDT 2026
[03:00:47] [Render thread/INFO]: Registered player tracker system: minimap_synced
[03:00:47] [Render thread/INFO]: Loading Xaero's Minimap - Stage 3/3
[03:00:47] [Render thread/INFO]: Found server GUI window handle 0x510A50
[03:00:47] [Render thread/INFO]: Title Bar Theme Was Set To Dark
[03:00:48] [Render thread/INFO]: Loading XaeroLib common 2/2!
[03:00:48] [Render thread/INFO]: Loading XaeroLib client 2/3!
[03:00:48] [Render thread/INFO]: Loading XaeroLib client 3/3!
[03:00:48] [Render thread/INFO]: Optis reset texture tracking for client resource reload (generation 1).
[03:00:48] [Render thread/INFO]: [B100Lib] 51 Translation keys
[03:00:49] [Render thread/INFO]: OpenAL initialized on device OpenAL Soft on Speakers (Realtek(R) Audio)
[03:00:49] [Render thread/INFO]: Initializing Sound Physics
[03:00:49] [Render thread/INFO]: EFX Extension recognized
[03:00:49] [Render thread/INFO]: Max auxiliary sends: 4
[03:00:49] [Render thread/INFO]: Aux slot 1 created
[03:00:49] [Render thread/INFO]: Aux slot 2 created
[03:00:49] [Render thread/INFO]: Aux slot 3 created
[03:00:49] [Render thread/INFO]: Aux slot 4 created
[03:00:49] [Render thread/INFO]: EFX ready
[03:00:49] [Render thread/INFO]: Sound engine started
[03:00:49] [Render thread/INFO]: Created: 2048x2048x0 minecraft:textures/atlas/particles.png-atlas
[03:00:49] [Render thread/INFO]: Created: 256x128x0 minecraft:textures/atlas/decorated_pot.png-atlas
[03:00:49] [Render thread/INFO]: Created: 512x512x0 minecraft:textures/atlas/paintings.png-atlas
[03:00:49] [Render thread/INFO]: Created: 1024x512x0 minecraft:textures/atlas/shield_patterns.png-atlas
[03:00:49] [Render thread/INFO]: Created: 8192x8192x4 minecraft:textures/atlas/blocks.png-atlas
[03:00:49] [Render thread/INFO]: Created: 64x32x0 eg_particle_interactions:textures/atlas/particle_palettes.png-atlas
[03:00:49] [Render thread/INFO]: Created: 512x512x0 minecraft:textures/atlas/chest.png-atlas
[03:00:49] [Render thread/INFO]: Created: 16384x8192x0 minecraft:textures/atlas/celestials.png-atlas
[03:00:49] [Render thread/INFO]: Created: 1024x512x0 minecraft:textures/atlas/banner_patterns.png-atlas
[03:00:49] [Render thread/INFO]: Created: 4096x2048x0 minecraft:textures/atlas/items.png-atlas
[03:00:49] [Render thread/INFO]: Created: 4096x2048x0 minecraft:textures/atlas/gui.png-atlas
[03:00:49] [Render thread/INFO]: Created: 128x128x0 minecraft:textures/atlas/map_decorations.png-atlas
[03:00:49] [Render thread/INFO]: Created: 512x512x0 minecraft:textures/atlas/shulker_boxes.png-atlas
[03:00:52] [universalsettings-sync/INFO]: Authenticated with sync server as SillyEnderer
[03:00:53] [Render thread/INFO]: 35733 cache(s) were cleared!
[03:00:54] [Render thread/INFO]: Resource pack reloaded - cleared armor trim texture cache
[03:00:54] [Render thread/INFO]: [Inventory Interactions/Client]: Started registration PHYSICS MODELS FAMILY from resources...
[03:00:54] [Render thread/INFO]: [Inventory Interactions/Client]: Registration finished, found: 8, registered: 8
[03:00:54] [Render thread/INFO]: [Inventory Interactions/Client]: Started registration PHYSICS MODEL CONFIG from resources...
[03:00:54] [Render thread/INFO]: [Inventory Interactions/Client]: Registration finished, found: 365, registered: 365
[03:00:54] [Render thread/INFO]: [Inventory Particles/Client]: Started registration PARTICLE CONFIGS from resources...
[03:00:54] [Render thread/INFO]: [Inventory Particles/Client]: Registration finished, found: 445, registered: 445
[03:00:54] [Render thread/INFO]: [Inventory Particles/Client]: Started registration PARTICLES FAMILY from resources...
[03:00:54] [Render thread/INFO]: [Inventory Particles/Client]: Registration finished, found: 20, registered: 20
[03:00:54] [Render thread/INFO]: Created: 1024x512x0 inventory_particles:textures/atlas/iparticles-atlas
[03:00:54] [Render thread/INFO]: [Telepistons] Read settings successfully
[03:00:54] [Render thread/INFO]: [Telepistons] Read particle setting successfully
[03:00:54] [Render thread/WARN]: Skipped atlas stitching, waiting "2"
[03:00:54] [Render thread/INFO]: Created: 256x128x0 my_totem_doll:main_atlas.png-atlas
[03:00:54] [Render thread/ERROR]: Could not evaluate condition for assets/minecraft/textures/particle/glowing_firefly.png (pack: file/Fresh Flowers and Plants.zip): Could not evaluate Variable: Variable FreshFlowersAndPlants not found
[03:00:54] [Render thread/ERROR]: Could not evaluate condition for assets/minecraft/textures/particle/glowing_firefly.png (pack: file/Fresh Flowers and Plants.zip): Could not evaluate Variable: Variable FreshFlowersAndPlants not found
[03:00:54] [Render thread/ERROR]: Could not evaluate condition for assets/minecraft/textures/particle/glowing_firefly.png (pack: file/Fresh Flowers and Plants.zip): Could not evaluate Variable: Variable FreshFlowersAndPlants not found
[03:00:54] [Render thread/ERROR]: Could not evaluate condition for assets/minecraft/textures/particle/glowing_firefly.png (pack: file/Fresh Flowers and Plants.zip): Could not evaluate Variable: Variable FreshFlowersAndPlants not found
[03:00:54] [Render thread/ERROR]: Could not evaluate condition for assets/minecraft/textures/particle/glowing_firefly.png (pack: file/Fresh Flowers and Plants.zip): Could not evaluate Variable: Variable FreshFlowersAndPlants not found
[03:00:54] [Render thread/INFO]: [Particle Interactions]: Cleared particle palette cache
[03:00:54] [Render thread/INFO]: [ETF]: reloading ETF data.
[03:00:54] [Render thread/INFO]: [ETF]: emissive suffixes loaded: [_e]
[03:00:54] [Render thread/INFO]: [STDOUT]: [Ding Mod] Startup Dinged!
[03:00:55] [Render thread/INFO]: [Particle Interactions]: Pack version is: 0.10.4
[03:00:55] [Render thread/WARN]: Resource pack file/Default-Dark-Mode-26.3-2026.9.0.zip is not compatible with font atlas resizing. Temporarily disabling font atlas resizing.
[03:00:56] [Worker-ResourceReload-7/INFO]: Loaded 1866 advancements
[03:00:56] [Render thread/WARN]: Initial datapack load took 913.7 ms
[03:00:56] [Render thread/INFO]: [ETF]: emissive suffixes loaded: [_e]
[03:00:56] [Render thread/INFO]: Applied 0 biome modifications to 0 of 67 new biomes in 1.385 ms
[03:00:56] [Server thread/INFO]: Dispatching loading event for config opentogether-server.toml
[03:00:56] [Server thread/INFO]: Dispatching loading event for config pickupnotifier-server.toml
[03:00:56] [Server thread/INFO]: Encoded Weapon Attribute registry size (with package overhead): 2587 bytes (in 1 string chunks with the size of 10000)
[03:00:56] [Server thread/INFO]: Applied 67 biome modifications to 67 of 67 new biomes in 11.88 ms
[03:00:56] [Server thread/INFO]: [Fabric DFU API] Serverside DataFixer Registry is about to freeze
[03:00:56] [Server thread/INFO]: [Fabric DFU API] Serverside DataFixer Registry was frozen
[03:00:56] [Server thread/INFO]: Starting integrated minecraft server version 26.3
[03:00:56] [Server thread/INFO]: Generating keypair
[03:00:57] [Server thread/INFO]: [STDOUT]: [ScalableLux] Lighting scaling is enabled, using 10 threads
[03:00:57] [Server thread/INFO]: Loading 0 persistent chunks...
[03:00:57] [Server thread/INFO]: Preparing spawn area: 16%
[03:00:57] [Server thread/INFO]: Saving chunks for level 'ServerLevel[New World]'/minecraft:overworld
[03:00:57] [Server thread/INFO]: Saving chunks for level 'ServerLevel[New World]'/minecraft:the_end
[03:00:57] [Server thread/INFO]: Saving chunks for level 'ServerLevel[New World]'/minecraft:the_nether
[03:00:57] [Server thread/INFO]: TimelessLib Initialised for Server
[03:00:57] [Netty Local IO #1/INFO]: Received config sync packet
[03:00:57] [Netty Local IO #1/INFO]: Decoded Weapon Attribute registry in 1 string chunks
[03:00:59] [Server thread/INFO]: Loading 49 chunks for player spawn...
[03:00:59] [Server thread/INFO]: Preparing spawn area: 16%
[03:00:59] [Server thread/INFO]: Preparing spawn area: 16%
[03:00:59] [Server thread/INFO]: Preparing spawn area: 16%
[03:00:59] [Server thread/INFO]: Preparing spawn area: 16%
[03:00:59] [Server thread/INFO]: Time elapsed: 2341 ms
[03:00:59] [Server thread/WARN]: Cancelled mixin net.caffeinemc.mods.lithium.mixin.collections.entity_by_type.ClassInstanceMultiMapMixin. Check debug logs for more information.
[03:00:59] [Server thread/INFO]: SillyEnderer[local:E:09cd0959] logged in with entity id 34 at (-615.7912554269242, 66.0, -356.42744065906356)
[03:01:00] [Server thread/INFO]: System chat: SillyEnderer joined the game
[03:01:00] [Render thread/INFO]: Minimap required item set to nothing.
[03:01:00] [Render thread/INFO]: New Xaero hud session initialized!
[03:01:00] [Render thread/INFO]: Fullscreen map required item set to nothing.
[03:01:00] [Render thread/INFO]: New world map session initialized!
[03:01:00] [Render thread/INFO]: Reloading pipeline on dimension change: null => minecraft:overworld
[03:01:00] [Render thread/INFO]: Creating pipeline for dimension minecraft:overworld
[03:01:00] [Server thread/INFO]: Changing view distance to 16, from 10
[03:01:00] [Server thread/INFO]: Changing simulation distance to 8, from 0
[03:01:03] [Render thread/WARN]: @ModifyVariable(@At("HEAD")) Shift.BY=1 on sspb.mixins.json:sodium.SmoothLightPipelineMixin from mod sspb::localvar$jhd000$sspb$modifyApplyInsetPartialFaceVertexN2d exceeds the maximum allowed value: 0. Increase the value of maxShiftBy to suppress this warning.
[03:01:03] [Render thread/INFO]: Started 10 worker threads
[03:01:03] [Render thread/INFO]: [CraftConfig] Loaded preset [Default] for world: New World
[03:01:03] [ForkJoinPool.commonPool-worker-1/INFO]: [Inventory Interactions/Client]: Started linking physics models for VANILLA items...
[03:01:03] [ForkJoinPool.commonPool-worker-2/INFO]: [Inventory Particles]: Started linking particle configs for VANILLA items...
[03:01:03] [ForkJoinPool.commonPool-worker-1/INFO]: [Inventory Interactions/Client]: Finished linking physics models for VANILLA items! It took 0.005 seconds. Amount: 1658
[03:01:03] [ForkJoinPool.commonPool-worker-1/INFO]: [Inventory Interactions/Client]: Started linking physics models for MODDED items...
[03:01:03] [ForkJoinPool.commonPool-worker-1/INFO]: [Inventory Interactions/Client]: Finished linking physics models for MODDED items! It took 0.0 seconds. Amount: 0
[03:01:03] [Render thread/INFO]: [ShulkerBoxTooltip Plugins] Loading 2 plugins: chesttracker, shulkerboxtooltip
[03:01:03] [ForkJoinPool.commonPool-worker-2/INFO]: [Inventory Particles]: Finished linking particle configs for VANILLA items! It took 0.033 seconds. Amount: 1658
[03:01:03] [Render thread/INFO]: [ShulkerBoxTooltip Plugins] Registered 37 color keys for mod shulkerboxtooltip
[03:01:03] [ForkJoinPool.commonPool-worker-1/INFO]: [Inventory Particles]: Started linking particle configs for MODDED items...
[03:01:03] [ForkJoinPool.commonPool-worker-1/INFO]: [Inventory Particles]: Finished linking particle configs for MODDED items! It took 0.0 seconds. Amount: 0
[03:01:03] [Render thread/INFO]: [ShulkerBoxTooltip Plugins] Registered 68 providers for mod shulkerboxtooltip
[03:01:03] [Render thread/INFO]: [ShulkerBoxTooltip] overriding preview provider shulkerboxtooltip:ender_chest with chesttracker:client_ender_chest for item minecraft:ender_chest
[03:01:03] [Render thread/INFO]: [ShulkerBoxTooltip Plugins] Registered 1 provider for mod chesttracker
[03:01:03] [Render thread/INFO]: [STDOUT]: [Ding Mod] World Load Dinged!
[03:01:03] [Render thread/INFO]: [Inventory Profiles Next] Loaded 0 external GUI hints
[03:01:03] [Render thread/INFO]: [Inventory Profiles Next] Loaded 803 build-in GUI hints
[03:01:03] [Render thread/INFO]: [Inventory Profiles Next] Effective GUI hints after merge: 803
[03:01:03] [Render thread/INFO]: [chiseledbookshelfvisualizer] Connected to server
[03:01:03] [Render thread/INFO]: [do_a_barrel_roll] Received config from server
[03:01:03] [Server thread/INFO]: [do_a_barrel_roll] Client of SillyEnderer accepted server config.
[03:01:03] [Render thread/INFO]: [JEB] buildRecipeIndex started at 2026-10-09T03:01:03.799-0400
[03:01:04] [Render thread/INFO]: [JEB] buildRecipeIndex done at 2026-10-09T03:01:04.127-0400 (328 ms), total indexed recipes: 1746
[03:01:04] [Render thread/INFO]: Minimap updated server level id: 1261051040 for world ResourceKey[minecraft:dimension / minecraft:overworld]
[03:01:04] [Render thread/INFO]: Loaded 31 advancements
[03:01:04] [Render thread/WARN]: Unable to play empty soundEvent: minecraft:entity.tropical_fish.ambient
[03:01:04] [Render thread/INFO]: [FWA] Config file not found or invalid, using default
[03:01:04] [Render thread/WARN]: Unable to play empty soundEvent: minecraft:entity.cod.ambient
[03:01:04] [Render thread/INFO]: Received config from the server: {}
[03:01:04] [Render thread/INFO]: [ShulkerBoxTooltip] Server integration enabled, attempting handshake...
[03:01:04] [Server thread/INFO]: [ShulkerBoxTooltip] SillyEnderer: protocol version: 2.0
[03:01:04] [Render thread/INFO]: Stopping worker threads
[03:01:04] [Render thread/INFO]: Started 10 worker threads
[03:01:04] [Render thread/WARN]: Requested post effect does not exist: minecraft:end_of_frame
[03:01:04] [Render thread/INFO]: [PTP] Config file not found or invalid, using default
[03:01:04] [Render thread/INFO]: Resizing Dynamic Transforms UBO, capacity limit of 2 reached during a single frame. New capacity will be 4.
[03:01:05] [Render thread/INFO]: Resizing Dynamic Transforms UBO, capacity limit of 4 reached during a single frame. New capacity will be 8.
[03:01:05] [Render thread/INFO]: [ShulkerBoxTooltip] Handshake succeeded
[03:01:05] [Render thread/INFO]: [ShulkerBoxTooltip] Server protocol version: 2.0
[03:01:05] [Render thread/INFO]: Session started
[03:01:05] [Render thread/INFO]: Stopping worker threads
[03:01:05] [Render thread/INFO]: Started 10 worker threads
[03:01:05] [Render thread/WARN]: Time from main menu to in-game was 9.074146 seconds
[03:01:05] [Render thread/WARN]: Total time to load game and open world was 8.074146 seconds
[03:01:05] [Render thread/WARN]: Found *decent* program match for minecraft:pipeline/translucent_particle: PARTICLES_TRANS
[03:01:05] [Render thread/INFO]: Resizing Dynamic Transforms UBO, capacity limit of 8 reached during a single frame. New capacity will be 16.
[03:01:05] [Render thread/INFO]: Reloading radar icon resources...
[03:01:05] [Render thread/INFO]: Reloaded radar icon resources!
[03:01:05] [Render thread/INFO]: Spatial HUD experimental capture extracted the hotbar root into its private texture.
[03:01:05] [Render thread/INFO]: Spatial HUD captured Hotbar Slot Cycling's cycle slots into the panel texture.
[03:01:05] [Render thread/INFO]: Resized a dynamic immediate buffer to 6576!
[03:01:05] [Render thread/INFO]: Resized a dynamic immediate buffer to 13152!
[03:01:06] [Render thread/WARN]: Game took 73.744 seconds to start
[03:01:06] [Render thread/INFO]: Spatial HUD stage 3: drawing the captured HUD band (1 quad(s), depth-tested; open requested=false).
[03:01:06] [Render thread/INFO]: Resized a dynamic immediate buffer to 160!
[03:01:06] [Render thread/INFO]: Resized a dynamic immediate buffer to 320!
[03:01:06] [Render thread/INFO]: Resized a dynamic immediate buffer to 640!
[03:01:06] [Render thread/INFO]: Resized a dynamic immediate buffer to 26304!
[03:01:06] [Render thread/INFO]: Resized a dynamic immediate buffer to 160!
[03:01:06] [Render thread/INFO]: Resized a dynamic immediate buffer to 320!
[03:01:06] [Render thread/INFO]: Resized a dynamic immediate buffer to 640!
[03:01:06] [Render thread/INFO]: Resized a dynamic immediate buffer to 1280!
[03:01:06] [Render thread/INFO]: Resized a dynamic immediate buffer to 1280!
[03:01:06] [Render thread/INFO]: Resized a dynamic immediate buffer to 2560!
[03:01:06] [Render thread/INFO]: Resized a dynamic immediate buffer to 2560!
[03:01:07] [Render thread/WARN]: Found *decent* program match for minecraft:pipeline/opaque_particle: PARTICLES
[03:01:11] [Render thread/INFO]: Defaulting world-dependent block state shape to not short: Block{minecraft:fire}[age=15,east=false,north=false,south=false,up=false,west=false]
[03:01:13] [Render thread/INFO]: Resizing Dynamic Transforms UBO, capacity limit of 16 reached during a single frame. New capacity will be 32.
[03:01:26] [Render thread/INFO]: Session paused
[03:01:26] [Server thread/INFO]: Saving and pausing game...
[03:01:26] [Server thread/INFO]: Saving chunks for level 'ServerLevel[New World]'/minecraft:overworld
[03:01:26] [Server thread/INFO]: Saving chunks for level 'ServerLevel[New World]'/minecraft:the_end
[03:01:26] [Server thread/INFO]: Saving chunks for level 'ServerLevel[New World]'/minecraft:the_nether
[03:01:27] [Render thread/ERROR]: Invalid mod icon for icon source aitk: assets/icon.png
[03:01:27] [Render thread/WARN]: Warning! Mod aitk has a broken icon, loading default icon
[03:01:29] [Render thread/INFO]: Session resumed
[03:01:32] [Render thread/INFO]: Session paused
[03:01:32] [Server thread/INFO]: Saving and pausing game...
[03:01:33] [Server thread/INFO]: Saving chunks for level 'ServerLevel[New World]'/minecraft:overworld
[03:01:33] [Server thread/INFO]: Saving chunks for level 'ServerLevel[New World]'/minecraft:the_end
[03:01:33] [Server thread/INFO]: Saving chunks for level 'ServerLevel[New World]'/minecraft:the_nether
[03:01:36] [Render thread/INFO]: Session resumed
[03:01:38] [Server thread/INFO]: Saving and pausing game...
[03:01:38] [Server thread/INFO]: Saving chunks for level 'ServerLevel[New World]'/minecraft:overworld
[03:01:38] [Server thread/INFO]: Saving chunks for level 'ServerLevel[New World]'/minecraft:the_end
[03:01:38] [Server thread/INFO]: Saving chunks for level 'ServerLevel[New World]'/minecraft:the_nether
[03:01:38] [Render thread/INFO]: Session paused
[03:01:50] [Render thread/ERROR]: Reported exception thrown!
net.minecraft.ReportedException: Render Frame
	at knot//net.minecraft.client.Minecraft.runTick(Minecraft.java:1280)
	at knot//net.minecraft.client.Minecraft.run(Minecraft.java:967)
	at java.base/java.lang.Thread.run(Unknown Source)
Caused by: java.lang.IllegalStateException: Missing elements in vertex: 
	at knot//com.mojang.blaze3d.vertex.BufferBuilder.endLastVertex(BufferBuilder.java:161)
	at knot//com.mojang.blaze3d.vertex.BufferBuilder.beginVertex(BufferBuilder.java:127)
	at knot//com.mojang.blaze3d.vertex.BufferBuilder.addVertex(BufferBuilder.java:191)
	at knot//com.mojang.blaze3d.vertex.VertexConsumer.addVertex(VertexConsumer.java:531)
	at knot//com.mojang.blaze3d.vertex.VertexConsumer.addVertex(VertexConsumer.java:128)
	at knot//dev.arena.spatialhud.WorldSpaceSolidQuad$TexturedRenderer.vertex(WorldSpaceSolidQuad.java:299)
	at knot//dev.arena.spatialhud.WorldSpaceSolidQuad$TexturedRenderer.buildGroup(WorldSpaceSolidQuad.java:289)
	at knot//net.minecraft.client.renderer.feature.RenderTypeFeatureRenderer.prepareGroup(RenderTypeFeatureRenderer.java:36)
	at knot//net.minecraft.client.renderer.feature.FeatureRenderDispatcher$PreparedGroup.prepare(FeatureRenderDispatcher.java:350)
	at knot//net.minecraft.client.renderer.feature.FeatureRenderDispatcher.prepareFrameWithContext(FeatureRenderDispatcher.java:92)
	at knot//net.minecraft.client.renderer.feature.FeatureRenderDispatcher.prepareFrame(FeatureRenderDispatcher.java:61)
	at knot//net.minecraft.client.renderer.LevelRenderer.render(LevelRenderer.java:218)
	at knot//net.minecraft.client.renderer.GameRenderer.mixinextras$bridge$render$165(GameRenderer.java)
	at knot//net.minecraft.client.renderer.GameRenderer.wrapOperation$fhn000$iris$renderLevel(GameRenderer.java:9024)
	at knot//net.minecraft.client.renderer.GameRenderer.renderLevel$mixinextras$wrapped$167(GameRenderer.java:693)
	at knot//net.minecraft.client.renderer.GameRenderer.mixinextras$bridge$renderLevel$mixinextras$wrapped$167$168(GameRenderer.java)
	at knot//net.minecraft.client.renderer.GameRenderer.wrapMethod$znj000$betterresolution$renderScaledWorld(GameRenderer.java:1622)
	at knot//net.minecraft.client.renderer.GameRenderer.renderLevel(GameRenderer.java)
	at knot//net.minecraft.client.renderer.GameRenderer.render(GameRenderer.java:496)
	at knot//net.minecraft.client.Minecraft.renderFrame(Minecraft.java:1376)
	at knot//net.minecraft.client.Minecraft.runTick(Minecraft.java:1274)
	... 2 more
[03:01:50] [Server thread/INFO]: Server stopping, waiting for ChestTracker saves...
[03:01:50] [Server thread/INFO]: Stopping server
[03:01:50] [Server thread/INFO]: Saving players
[03:01:50] [Server thread/INFO]: Saving worlds
[03:01:50] [Sound engine/ERROR]: Allocate new source: Invalid operation.
[03:01:50] [Netty Local IO #1/INFO]: [STDOUT]: [Ding Mod] World Saved & Exited Dinged!
[03:01:50] [Server thread/INFO]: Saving chunks for level 'ServerLevel[New World]'/minecraft:overworld
[03:01:50] [Server thread/INFO]: Saving chunks for level 'ServerLevel[New World]'/minecraft:the_end
[03:01:50] [Server thread/INFO]: Saving chunks for level 'ServerLevel[New World]'/minecraft:the_nether
[03:01:50] [Server thread/INFO]: TimelessLib Stopped for Server
[03:01:50] [Server thread/INFO]: Dispatching unloading event for config opentogether-server.toml
[03:01:50] [Server thread/INFO]: Dispatching unloading event for config pickupnotifier-server.toml
[03:01:50] [Server thread/WARN]: [FastQuit] "New World" was not registered in currently saving worlds!
[03:01:50] [Render thread/INFO]: Xaero hud session finalized.
[03:01:50] [Render thread/INFO]: Finalizing world map session...
[03:01:50] [Thread-17/INFO]: World map force-cleaned!
[03:01:50] [Render thread/INFO]: World map session finalized.
[03:01:50] [Render thread/INFO]: [FastQuit] Disconnected "New World" from the client.
[03:01:51] [Render thread/INFO]: Discarded config watch service
